pp_no,condition,bin,bin_no,trial,muscle,rms,outlier1.5SD
pp481,285,bin_0,0,trial5,brow,16.7097,TRUE
pp481,285,bin_1,1,trial5,brow,8.532,TRUE
pp481,285,bin_2,2,trial5,brow,8.099,TRUE
pp481,285,bin_3,3,trial5,brow,5.9809,TRUE
pp481,285,bin_4,4,trial5,brow,6.7046,TRUE
pp481,285,bin_5,5,trial5,brow,7.2874,TRUE
pp481,285,bin_6,6,trial5,brow,8.2326,TRUE
pp481,285,bin_7,7,trial5,brow,8.1536,TRUE
pp481,285,bin_8,8,trial5,brow,8.2399,TRUE
pp481,285,bin_9,9,trial5,brow,6.5698,TRUE
pp481,285,bin_10,10,trial5,brow,7.3157,TRUE
pp481,285,bin_0,0,trial1,cheek,23.2327,TRUE
pp481,285,bin_1,1,trial1,cheek,17.6087,TRUE
pp481,285,bin_2,2,trial1,cheek,17.943,TRUE
pp481,285,bin_3,3,trial1,cheek,16.5596,TRUE
pp481,285,bin_4,4,trial1,cheek,18.0215,TRUE
pp481,285,bin_5,5,trial1,cheek,12.6041,TRUE
pp481,285,bin_6,6,trial1,cheek,5.7069,TRUE
pp481,285,bin_7,7,trial1,cheek,8.6367,TRUE
pp481,285,bin_8,8,trial1,cheek,10.1104,TRUE
pp481,285,bin_9,9,trial1,cheek,16.219,TRUE
pp481,285,bin_10,10,trial1,cheek,11.2995,TRUE
pp481,913,bin_0,0,trial5,brow,42.6509,TRUE
pp481,913,bin_1,1,trial5,brow,28.1822,TRUE
pp481,913,bin_2,2,trial5,brow,23.7197,TRUE
pp481,913,bin_3,3,trial5,brow,15.1493,TRUE
pp481,913,bin_4,4,trial5,brow,10.1932,TRUE
pp481,913,bin_5,5,trial5,brow,13.1167,TRUE
pp481,913,bin_6,6,trial5,brow,6.5398,TRUE
pp481,913,bin_7,7,trial5,brow,7.744,TRUE
pp481,913,bin_8,8,trial5,brow,9.2482,TRUE
pp481,913,bin_9,9,trial5,brow,10.0322,TRUE
pp481,913,bin_10,10,trial5,brow,7.7134,TRUE
pp481,913,bin_0,0,trial6,cheek,37.2574,TRUE
pp481,913,bin_1,1,trial6,cheek,33.7568,TRUE
pp481,913,bin_2,2,trial6,cheek,32.1395,TRUE
pp481,913,bin_3,3,trial6,cheek,27.618,TRUE
pp481,913,bin_4,4,trial6,cheek,17.0776,TRUE
pp481,913,bin_5,5,trial6,cheek,11.6856,TRUE
pp481,913,bin_6,6,trial6,cheek,8.8552,TRUE
pp481,913,bin_7,7,trial6,cheek,9.6756,TRUE
pp481,913,bin_8,8,trial6,cheek,6.5272,TRUE
pp481,913,bin_9,9,trial6,cheek,4.591,TRUE
pp481,913,bin_10,10,trial6,cheek,3.2624,TRUE
pp4810,285,bin_0,0,trial6,cheek,12.3828,TRUE
pp4810,285,bin_1,1,trial6,cheek,12.1332,TRUE
pp4810,285,bin_2,2,trial6,cheek,7.602,TRUE
pp4810,285,bin_3,3,trial6,cheek,4.074,TRUE
pp4810,285,bin_4,4,trial6,cheek,3.7526,TRUE
pp4810,285,bin_5,5,trial6,cheek,7.6663,TRUE
pp4810,285,bin_6,6,trial6,cheek,8.9432,TRUE
pp4810,285,bin_7,7,trial6,cheek,5.2794,TRUE
pp4810,285,bin_8,8,trial6,cheek,6.9655,TRUE
pp4810,285,bin_9,9,trial6,cheek,4.8246,TRUE
pp4810,285,bin_10,10,trial6,cheek,7.1153,TRUE
pp4810,913,bin_0,0,trial5,brow,57.6115,TRUE
pp4810,913,bin_1,1,trial5,brow,58.518,TRUE
pp4810,913,bin_2,2,trial5,brow,44.9302,TRUE
pp4810,913,bin_3,3,trial5,brow,30.3062,TRUE
pp4810,913,bin_4,4,trial5,brow,23.6633,TRUE
pp4810,913,bin_5,5,trial5,brow,16.3496,TRUE
pp4810,913,bin_6,6,trial5,brow,11.9109,TRUE
pp4810,913,bin_7,7,trial5,brow,5.5657,TRUE
pp4810,913,bin_8,8,trial5,brow,4.8301,TRUE
pp4810,913,bin_9,9,trial5,brow,5.5672,TRUE
pp4810,913,bin_10,10,trial5,brow,5.6636,TRUE
pp4810,913,bin_0,0,trial5,cheek,51.6291,TRUE
pp4810,913,bin_1,1,trial5,cheek,28.8185,TRUE
pp4810,913,bin_2,2,trial5,cheek,59.9021,TRUE
pp4810,913,bin_3,3,trial5,cheek,87.1256,TRUE
pp4810,913,bin_4,4,trial5,cheek,36.5812,TRUE
pp4810,913,bin_5,5,trial5,cheek,16.3194,TRUE
pp4810,913,bin_6,6,trial5,cheek,16.6692,TRUE
pp4810,913,bin_7,7,trial5,cheek,9.1164,TRUE
pp4810,913,bin_8,8,trial5,cheek,8.2666,TRUE
pp4810,913,bin_9,9,trial5,cheek,8.1035,TRUE
pp4810,913,bin_10,10,trial5,cheek,4.8257,TRUE
pp4811,285,bin_0,0,trial4,cheek,3.3566,TRUE
pp4811,285,bin_1,1,trial4,cheek,2.5205,TRUE
pp4811,285,bin_2,2,trial4,cheek,2.6055,TRUE
pp4811,285,bin_3,3,trial4,cheek,4.973,TRUE
pp4811,285,bin_4,4,trial4,cheek,2.5636,TRUE
pp4811,285,bin_5,5,trial4,cheek,3.1294,TRUE
pp4811,285,bin_6,6,trial4,cheek,2.7274,TRUE
pp4811,285,bin_7,7,trial4,cheek,2.3577,TRUE
pp4811,285,bin_8,8,trial4,cheek,3.0722,TRUE
pp4811,285,bin_9,9,trial4,cheek,10.4807,TRUE
pp4811,285,bin_10,10,trial4,cheek,8.0135,TRUE
pp4811,285,bin_0,0,trial7,cheek,3.3557,TRUE
pp4811,285,bin_1,1,trial7,cheek,3.1685,TRUE
pp4811,285,bin_2,2,trial7,cheek,2.2879,TRUE
pp4811,285,bin_3,3,trial7,cheek,2.8205,TRUE
pp4811,285,bin_4,4,trial7,cheek,2.4678,TRUE
pp4811,285,bin_5,5,trial7,cheek,2.7437,TRUE
pp4811,285,bin_6,6,trial7,cheek,2.8405,TRUE
pp4811,285,bin_7,7,trial7,cheek,3.2442,TRUE
pp4811,285,bin_8,8,trial7,cheek,3.4013,TRUE
pp4811,285,bin_9,9,trial7,cheek,2.8521,TRUE
pp4811,285,bin_10,10,trial7,cheek,3.5974,TRUE
pp4811,913,bin_0,0,trial7,cheek,4.5647,TRUE
pp4811,913,bin_1,1,trial7,cheek,5.6159,TRUE
pp4811,913,bin_2,2,trial7,cheek,3.3171,TRUE
pp4811,913,bin_3,3,trial7,cheek,3.4252,TRUE
pp4811,913,bin_4,4,trial7,cheek,4.6794,TRUE
pp4811,913,bin_5,5,trial7,cheek,3.8958,TRUE
pp4811,913,bin_6,6,trial7,cheek,3.5157,TRUE
pp4811,913,bin_7,7,trial7,cheek,3.3889,TRUE
pp4811,913,bin_8,8,trial7,cheek,2.4917,TRUE
pp4811,913,bin_9,9,trial7,cheek,2.9423,TRUE
pp4811,913,bin_10,10,trial7,cheek,2.8514,TRUE
pp4812,285,bin_0,0,trial7,cheek,3.6295,TRUE
pp4812,285,bin_1,1,trial7,cheek,2.6139,TRUE
pp4812,285,bin_2,2,trial7,cheek,2.2084,TRUE
pp4812,285,bin_3,3,trial7,cheek,2.605,TRUE
pp4812,285,bin_4,4,trial7,cheek,2.728,TRUE
pp4812,285,bin_5,5,trial7,cheek,2.6441,TRUE
pp4812,285,bin_6,6,trial7,cheek,2.1594,TRUE
pp4812,285,bin_7,7,trial7,cheek,2.1658,TRUE
pp4812,285,bin_8,8,trial7,cheek,2.2359,TRUE
pp4812,285,bin_9,9,trial7,cheek,2.5407,TRUE
pp4812,285,bin_10,10,trial7,cheek,2.3359,TRUE
pp4812,913,bin_0,0,trial1,brow,17.9674,TRUE
pp4812,913,bin_1,1,trial1,brow,16.1113,TRUE
pp4812,913,bin_2,2,trial1,brow,12.517,TRUE
pp4812,913,bin_3,3,trial1,brow,20.2387,TRUE
pp4812,913,bin_4,4,trial1,brow,13.3676,TRUE
pp4812,913,bin_5,5,trial1,brow,17.7256,TRUE
pp4812,913,bin_6,6,trial1,brow,14.9457,TRUE
pp4812,913,bin_7,7,trial1,brow,11.4861,TRUE
pp4812,913,bin_8,8,trial1,brow,16.253,TRUE
pp4812,913,bin_9,9,trial1,brow,8.8542,TRUE
pp4812,913,bin_10,10,trial1,brow,5.3936,TRUE
pp4812,913,bin_0,0,trial8,cheek,10.9731,TRUE
pp4812,913,bin_1,1,trial8,cheek,7.417,TRUE
pp4812,913,bin_2,2,trial8,cheek,8.5588,TRUE
pp4812,913,bin_3,3,trial8,cheek,13.0084,TRUE
pp4812,913,bin_4,4,trial8,cheek,10.3093,TRUE
pp4812,913,bin_5,5,trial8,cheek,9.8066,TRUE
pp4812,913,bin_6,6,trial8,cheek,9.4727,TRUE
pp4812,913,bin_7,7,trial8,cheek,6.4377,TRUE
pp4812,913,bin_8,8,trial8,cheek,10.5224,TRUE
pp4812,913,bin_9,9,trial8,cheek,9.3196,TRUE
pp4812,913,bin_10,10,trial8,cheek,6.3546,TRUE
pp482,285,bin_0,0,trial1,brow,44.257,TRUE
pp482,285,bin_1,1,trial1,brow,8.6104,TRUE
pp482,285,bin_2,2,trial1,brow,6.4006,TRUE
pp482,285,bin_3,3,trial1,brow,7.0731,TRUE
pp482,285,bin_4,4,trial1,brow,9.3108,TRUE
pp482,285,bin_5,5,trial1,brow,8.4217,TRUE
pp482,285,bin_6,6,trial1,brow,6.2021,TRUE
pp482,285,bin_7,7,trial1,brow,5.3406,TRUE
pp482,285,bin_8,8,trial1,brow,4.7673,TRUE
pp482,285,bin_9,9,trial1,brow,4.4529,TRUE
pp482,285,bin_10,10,trial1,brow,2.2961,TRUE
pp482,913,bin_0,0,trial1,brow,36.6148,TRUE
pp482,913,bin_1,1,trial1,brow,35.9268,TRUE
pp482,913,bin_2,2,trial1,brow,27.3071,TRUE
pp482,913,bin_3,3,trial1,brow,19.8511,TRUE
pp482,913,bin_4,4,trial1,brow,22.9056,TRUE
pp482,913,bin_5,5,trial1,brow,16.5229,TRUE
pp482,913,bin_6,6,trial1,brow,33.6072,TRUE
pp482,913,bin_7,7,trial1,brow,32.6484,TRUE
pp482,913,bin_8,8,trial1,brow,24.073,TRUE
pp482,913,bin_9,9,trial1,brow,17.7846,TRUE
pp482,913,bin_10,10,trial1,brow,24.1174,TRUE
pp484,285,bin_0,0,trial4,brow,24.4214,TRUE
pp484,285,bin_1,1,trial4,brow,39.4227,TRUE
pp484,285,bin_2,2,trial4,brow,19.981,TRUE
pp484,285,bin_3,3,trial4,brow,7.4482,TRUE
pp484,285,bin_4,4,trial4,brow,8.0403,TRUE
pp484,285,bin_5,5,trial4,brow,6.9214,TRUE
pp484,285,bin_6,6,trial4,brow,7.5044,TRUE
pp484,285,bin_7,7,trial4,brow,5.2799,TRUE
pp484,285,bin_8,8,trial4,brow,5.1973,TRUE
pp484,285,bin_9,9,trial4,brow,7.4173,TRUE
pp484,285,bin_10,10,trial4,brow,23.1103,TRUE
pp484,913,bin_0,0,trial4,brow,28.1204,TRUE
pp484,913,bin_1,1,trial4,brow,37.1343,TRUE
pp484,913,bin_2,2,trial4,brow,89.96,TRUE
pp484,913,bin_3,3,trial4,brow,21.8692,TRUE
pp484,913,bin_4,4,trial4,brow,12.1615,TRUE
pp484,913,bin_5,5,trial4,brow,13.3988,TRUE
pp484,913,bin_6,6,trial4,brow,19.1844,TRUE
pp484,913,bin_7,7,trial4,brow,15.4214,TRUE
pp484,913,bin_8,8,trial4,brow,19.5819,TRUE
pp484,913,bin_9,9,trial4,brow,11.4056,TRUE
pp484,913,bin_10,10,trial4,brow,10.2506,TRUE
pp484,913,bin_0,0,trial5,cheek,36.8429,TRUE
pp484,913,bin_1,1,trial5,cheek,11.0487,TRUE
pp484,913,bin_2,2,trial5,cheek,8.5607,TRUE
pp484,913,bin_3,3,trial5,cheek,6.976,TRUE
pp484,913,bin_4,4,trial5,cheek,9.1906,TRUE
pp484,913,bin_5,5,trial5,cheek,4.4548,TRUE
pp484,913,bin_6,6,trial5,cheek,6.2305,TRUE
pp484,913,bin_7,7,trial5,cheek,5.713,TRUE
pp484,913,bin_8,8,trial5,cheek,4.4947,TRUE
pp484,913,bin_9,9,trial5,cheek,5.8985,TRUE
pp484,913,bin_10,10,trial5,cheek,4.6762,TRUE
pp485,913,bin_0,0,trial7,brow,27.0412,TRUE
pp485,913,bin_1,1,trial7,brow,26.5017,TRUE
pp485,913,bin_2,2,trial7,brow,22.3316,TRUE
pp485,913,bin_3,3,trial7,brow,25.6497,TRUE
pp485,913,bin_4,4,trial7,brow,25.3252,TRUE
pp485,913,bin_5,5,trial7,brow,28.8929,TRUE
pp485,913,bin_6,6,trial7,brow,27.6644,TRUE
pp485,913,bin_7,7,trial7,brow,22.5305,TRUE
pp485,913,bin_8,8,trial7,brow,29.7936,TRUE
pp485,913,bin_9,9,trial7,brow,54.1564,TRUE
pp485,913,bin_10,10,trial7,brow,83.2932,TRUE
pp486,285,bin_0,0,trial7,cheek,6.2411,TRUE
pp486,285,bin_1,1,trial7,cheek,6.1721,TRUE
pp486,285,bin_2,2,trial7,cheek,5.5604,TRUE
pp486,285,bin_3,3,trial7,cheek,7.692,TRUE
pp486,285,bin_4,4,trial7,cheek,5.444,TRUE
pp486,285,bin_5,5,trial7,cheek,4.7921,TRUE
pp486,285,bin_6,6,trial7,cheek,3.6859,TRUE
pp486,285,bin_7,7,trial7,cheek,4.6867,TRUE
pp486,285,bin_8,8,trial7,cheek,4.3499,TRUE
pp486,285,bin_9,9,trial7,cheek,3.6917,TRUE
pp486,285,bin_10,10,trial7,cheek,4.8466,TRUE
pp486,913,bin_0,0,trial3,brow,11.4158,TRUE
pp486,913,bin_1,1,trial3,brow,9.695,TRUE
pp486,913,bin_2,2,trial3,brow,9.1748,TRUE
pp486,913,bin_3,3,trial3,brow,8.6184,TRUE
pp486,913,bin_4,4,trial3,brow,9.729,TRUE
pp486,913,bin_5,5,trial3,brow,9.5191,TRUE
pp486,913,bin_6,6,trial3,brow,9.3681,TRUE
pp486,913,bin_7,7,trial3,brow,10.8332,TRUE
pp486,913,bin_8,8,trial3,brow,8.1208,TRUE
pp486,913,bin_9,9,trial3,brow,7.843,TRUE
pp486,913,bin_10,10,trial3,brow,8.092,TRUE
pp486,913,bin_0,0,trial8,cheek,15.9955,TRUE
pp486,913,bin_1,1,trial8,cheek,5.2836,TRUE
pp486,913,bin_2,2,trial8,cheek,5.3013,TRUE
pp486,913,bin_3,3,trial8,cheek,5.0661,TRUE
pp486,913,bin_4,4,trial8,cheek,3.1143,TRUE
pp486,913,bin_5,5,trial8,cheek,6.3991,TRUE
pp486,913,bin_6,6,trial8,cheek,8.1732,TRUE
pp486,913,bin_7,7,trial8,cheek,6.0268,TRUE
pp486,913,bin_8,8,trial8,cheek,4.9263,TRUE
pp486,913,bin_9,9,trial8,cheek,4.1009,TRUE
pp486,913,bin_10,10,trial8,cheek,9.6752,TRUE
pp488,285,bin_0,0,trial4,cheek,6.3902,TRUE
pp488,285,bin_1,1,trial4,cheek,8.1174,TRUE
pp488,285,bin_2,2,trial4,cheek,3.3892,TRUE
pp488,285,bin_3,3,trial4,cheek,3.1458,TRUE
pp488,285,bin_4,4,trial4,cheek,4.6117,TRUE
pp488,285,bin_5,5,trial4,cheek,3.3211,TRUE
pp488,285,bin_6,6,trial4,cheek,4.0894,TRUE
pp488,285,bin_7,7,trial4,cheek,4.2825,TRUE
pp488,285,bin_8,8,trial4,cheek,5.8433,TRUE
pp488,285,bin_9,9,trial4,cheek,3.2824,TRUE
pp488,285,bin_10,10,trial4,cheek,3.9208,TRUE
pp488,913,bin_0,0,trial6,brow,15.425,TRUE
pp488,913,bin_1,1,trial6,brow,16.0259,TRUE
pp488,913,bin_2,2,trial6,brow,16.3293,TRUE
pp488,913,bin_3,3,trial6,brow,14.2706,TRUE
pp488,913,bin_4,4,trial6,brow,13.257,TRUE
pp488,913,bin_5,5,trial6,brow,12.3019,TRUE
pp488,913,bin_6,6,trial6,brow,14.6967,TRUE
pp488,913,bin_7,7,trial6,brow,12.0912,TRUE
pp488,913,bin_8,8,trial6,brow,13.5369,TRUE
pp488,913,bin_9,9,trial6,brow,14.7904,TRUE
pp488,913,bin_10,10,trial6,brow,12.162,TRUE
pp488,913,bin_0,0,trial4,cheek,21.5323,TRUE
pp488,913,bin_1,1,trial4,cheek,36.6782,TRUE
pp488,913,bin_2,2,trial4,cheek,33.485,TRUE
pp488,913,bin_3,3,trial4,cheek,5.3117,TRUE
pp488,913,bin_4,4,trial4,cheek,3.2973,TRUE
pp488,913,bin_5,5,trial4,cheek,3.9068,TRUE
pp488,913,bin_6,6,trial4,cheek,7.942,TRUE
pp488,913,bin_7,7,trial4,cheek,9.371,TRUE
pp488,913,bin_8,8,trial4,cheek,7.5822,TRUE
pp488,913,bin_9,9,trial4,cheek,10.3277,TRUE
pp488,913,bin_10,10,trial4,cheek,7.3317,TRUE
pp489,285,bin_0,0,trial1,brow,16.4369,TRUE
pp489,285,bin_1,1,trial1,brow,21.9045,TRUE
pp489,285,bin_2,2,trial1,brow,45.5761,TRUE
pp489,285,bin_3,3,trial1,brow,24.9833,TRUE
pp489,285,bin_4,4,trial1,brow,33.9471,TRUE
pp489,285,bin_5,5,trial1,brow,14.769,TRUE
pp489,285,bin_6,6,trial1,brow,9.5619,TRUE
pp489,285,bin_7,7,trial1,brow,7.8246,TRUE
pp489,285,bin_8,8,trial1,brow,7.8091,TRUE
pp489,285,bin_9,9,trial1,brow,7.6567,TRUE
pp489,285,bin_10,10,trial1,brow,61.6023,TRUE
pp489,285,bin_0,0,trial1,cheek,45.6106,TRUE
pp489,285,bin_1,1,trial1,cheek,44.166,TRUE
pp489,285,bin_2,2,trial1,cheek,45.9722,TRUE
pp489,285,bin_3,3,trial1,cheek,91.6605,TRUE
pp489,285,bin_4,4,trial1,cheek,66.3552,TRUE
pp489,285,bin_5,5,trial1,cheek,30.7837,TRUE
pp489,285,bin_6,6,trial1,cheek,30.7185,TRUE
pp489,285,bin_7,7,trial1,cheek,22.9421,TRUE
pp489,285,bin_8,8,trial1,cheek,13.1283,TRUE
pp489,285,bin_9,9,trial1,cheek,36.9382,TRUE
pp489,285,bin_10,10,trial1,cheek,20.5761,TRUE
pp489,913,bin_0,0,trial7,brow,14.4116,TRUE
pp489,913,bin_1,1,trial7,brow,7.2815,TRUE
pp489,913,bin_2,2,trial7,brow,8.317,TRUE
pp489,913,bin_3,3,trial7,brow,5.9448,TRUE
pp489,913,bin_4,4,trial7,brow,4.6443,TRUE
pp489,913,bin_5,5,trial7,brow,4.0359,TRUE
pp489,913,bin_6,6,trial7,brow,3.3921,TRUE
pp489,913,bin_7,7,trial7,brow,4.9307,TRUE
pp489,913,bin_8,8,trial7,brow,5.05,TRUE
pp489,913,bin_9,9,trial7,brow,4.6712,TRUE
pp489,913,bin_10,10,trial7,brow,4.695,TRUE
pp489,913,bin_0,0,trial6,cheek,31.3556,TRUE
pp489,913,bin_1,1,trial6,cheek,14.3887,TRUE
pp489,913,bin_2,2,trial6,cheek,18.6003,TRUE
pp489,913,bin_3,3,trial6,cheek,15.882,TRUE
pp489,913,bin_4,4,trial6,cheek,8.1376,TRUE
pp489,913,bin_5,5,trial6,cheek,8.9417,TRUE
pp489,913,bin_6,6,trial6,cheek,14.9146,TRUE
pp489,913,bin_7,7,trial6,cheek,10.6135,TRUE
pp489,913,bin_8,8,trial6,cheek,41.7771,TRUE
pp489,913,bin_9,9,trial6,cheek,29.8299,TRUE
pp489,913,bin_10,10,trial6,cheek,13.3192,TRUE
pp541,285,bin_0,0,trial2,cheek,4.9203,TRUE
pp541,285,bin_1,1,trial2,cheek,4.2331,TRUE
pp541,285,bin_2,2,trial2,cheek,4.3483,TRUE
pp541,285,bin_3,3,trial2,cheek,4.4247,TRUE
pp541,285,bin_4,4,trial2,cheek,2.1428,TRUE
pp541,285,bin_5,5,trial2,cheek,2.1067,TRUE
pp541,285,bin_6,6,trial2,cheek,3.4188,TRUE
pp541,285,bin_7,7,trial2,cheek,2.8982,TRUE
pp541,285,bin_8,8,trial2,cheek,2.4578,TRUE
pp541,285,bin_9,9,trial2,cheek,4.6688,TRUE
pp541,285,bin_10,10,trial2,cheek,5.0224,TRUE
pp541,913,bin_0,0,trial5,brow,38.4621,TRUE
pp541,913,bin_1,1,trial5,brow,63.9989,TRUE
pp541,913,bin_2,2,trial5,brow,42.1493,TRUE
pp541,913,bin_3,3,trial5,brow,72.6939,TRUE
pp541,913,bin_4,4,trial5,brow,144.2497,TRUE
pp541,913,bin_5,5,trial5,brow,160.904,TRUE
pp541,913,bin_6,6,trial5,brow,270.4302,TRUE
pp541,913,bin_7,7,trial5,brow,202.9736,TRUE
pp541,913,bin_8,8,trial5,brow,145.0863,TRUE
pp541,913,bin_9,9,trial5,brow,182.5185,TRUE
pp541,913,bin_10,10,trial5,brow,231.7791,TRUE
pp541,913,bin_0,0,trial5,cheek,27.5957,TRUE
pp541,913,bin_1,1,trial5,cheek,27.6717,TRUE
pp541,913,bin_2,2,trial5,cheek,49.9038,TRUE
pp541,913,bin_3,3,trial5,cheek,89.7849,TRUE
pp541,913,bin_4,4,trial5,cheek,139.0198,TRUE
pp541,913,bin_5,5,trial5,cheek,64.146,TRUE
pp541,913,bin_6,6,trial5,cheek,38.723,TRUE
pp541,913,bin_7,7,trial5,cheek,65.9811,TRUE
pp541,913,bin_8,8,trial5,cheek,61.159,TRUE
pp541,913,bin_9,9,trial5,cheek,94.9151,TRUE
pp541,913,bin_10,10,trial5,cheek,82.9527,TRUE
pp5410,285,bin_0,0,trial5,cheek,9.5544,TRUE
pp5410,285,bin_1,1,trial5,cheek,7.5812,TRUE
pp5410,285,bin_2,2,trial5,cheek,10.4135,TRUE
pp5410,285,bin_3,3,trial5,cheek,8.24,TRUE
pp5410,285,bin_4,4,trial5,cheek,8.4478,TRUE
pp5410,285,bin_5,5,trial5,cheek,9.6047,TRUE
pp5410,285,bin_6,6,trial5,cheek,9.033,TRUE
pp5410,285,bin_7,7,trial5,cheek,11.193,TRUE
pp5410,285,bin_8,8,trial5,cheek,13.4281,TRUE
pp5410,285,bin_9,9,trial5,cheek,14.1687,TRUE
pp5410,285,bin_10,10,trial5,cheek,19.2422,TRUE
pp5410,913,bin_0,0,trial3,brow,31.2348,TRUE
pp5410,913,bin_1,1,trial3,brow,34.1738,TRUE
pp5410,913,bin_2,2,trial3,brow,33.2947,TRUE
pp5410,913,bin_3,3,trial3,brow,31.1725,TRUE
pp5410,913,bin_4,4,trial3,brow,24.5048,TRUE
pp5410,913,bin_5,5,trial3,brow,22.0121,TRUE
pp5410,913,bin_6,6,trial3,brow,26.2358,TRUE
pp5410,913,bin_7,7,trial3,brow,20.9976,TRUE
pp5410,913,bin_8,8,trial3,brow,20.4298,TRUE
pp5410,913,bin_9,9,trial3,brow,22.6413,TRUE
pp5410,913,bin_10,10,trial3,brow,22.3412,TRUE
pp5410,913,bin_0,0,trial6,cheek,15.3857,TRUE
pp5410,913,bin_1,1,trial6,cheek,18.7337,TRUE
pp5410,913,bin_2,2,trial6,cheek,28.2899,TRUE
pp5410,913,bin_3,3,trial6,cheek,11.5153,TRUE
pp5410,913,bin_4,4,trial6,cheek,7.8458,TRUE
pp5410,913,bin_5,5,trial6,cheek,8.0783,TRUE
pp5410,913,bin_6,6,trial6,cheek,6.0447,TRUE
pp5410,913,bin_7,7,trial6,cheek,13.0668,TRUE
pp5410,913,bin_8,8,trial6,cheek,13.0895,TRUE
pp5410,913,bin_9,9,trial6,cheek,55.1724,TRUE
pp5410,913,bin_10,10,trial6,cheek,18.6847,TRUE
pp5411,285,bin_0,0,trial7,cheek,8.4132,TRUE
pp5411,285,bin_1,1,trial7,cheek,26.2681,TRUE
pp5411,285,bin_2,2,trial7,cheek,9.6064,TRUE
pp5411,285,bin_3,3,trial7,cheek,8.3705,TRUE
pp5411,285,bin_4,4,trial7,cheek,7.5169,TRUE
pp5411,285,bin_5,5,trial7,cheek,3.2431,TRUE
pp5411,285,bin_6,6,trial7,cheek,2.2642,TRUE
pp5411,285,bin_7,7,trial7,cheek,2.1953,TRUE
pp5411,285,bin_8,8,trial7,cheek,4.2206,TRUE
pp5411,285,bin_9,9,trial7,cheek,4.2539,TRUE
pp5411,285,bin_10,10,trial7,cheek,3.6028,TRUE
pp5411,913,bin_0,0,trial1,cheek,5.2778,TRUE
pp5411,913,bin_1,1,trial1,cheek,2.8071,TRUE
pp5411,913,bin_2,2,trial1,cheek,1.9013,TRUE
pp5411,913,bin_3,3,trial1,cheek,2.7233,TRUE
pp5411,913,bin_4,4,trial1,cheek,2.2624,TRUE
pp5411,913,bin_5,5,trial1,cheek,2.409,TRUE
pp5411,913,bin_6,6,trial1,cheek,2.3662,TRUE
pp5411,913,bin_7,7,trial1,cheek,2.0881,TRUE
pp5411,913,bin_8,8,trial1,cheek,2.443,TRUE
pp5411,913,bin_9,9,trial1,cheek,2.2903,TRUE
pp5411,913,bin_10,10,trial1,cheek,2.247,TRUE
pp5412,285,bin_0,0,trial4,brow,5.8928,TRUE
pp5412,285,bin_1,1,trial4,brow,5.5563,TRUE
pp5412,285,bin_2,2,trial4,brow,6.4574,TRUE
pp5412,285,bin_3,3,trial4,brow,6.7784,TRUE
pp5412,285,bin_4,4,trial4,brow,5.0621,TRUE
pp5412,285,bin_5,5,trial4,brow,6.0943,TRUE
pp5412,285,bin_6,6,trial4,brow,5.4298,TRUE
pp5412,285,bin_7,7,trial4,brow,5.827,TRUE
pp5412,285,bin_8,8,trial4,brow,5.1635,TRUE
pp5412,285,bin_9,9,trial4,brow,5.6441,TRUE
pp5412,285,bin_10,10,trial4,brow,6.2351,TRUE
pp5412,285,bin_0,0,trial5,cheek,6.301,TRUE
pp5412,285,bin_1,1,trial5,cheek,3.8231,TRUE
pp5412,285,bin_2,2,trial5,cheek,3.7573,TRUE
pp5412,285,bin_3,3,trial5,cheek,3.5024,TRUE
pp5412,285,bin_4,4,trial5,cheek,3.3104,TRUE
pp5412,285,bin_5,5,trial5,cheek,3.774,TRUE
pp5412,285,bin_6,6,trial5,cheek,3.1492,TRUE
pp5412,285,bin_7,7,trial5,cheek,4.4448,TRUE
pp5412,285,bin_8,8,trial5,cheek,3.2584,TRUE
pp5412,285,bin_9,9,trial5,cheek,3.2623,TRUE
pp5412,285,bin_10,10,trial5,cheek,3.5439,TRUE
pp5412,913,bin_0,0,trial1,brow,5.0809,TRUE
pp5412,913,bin_1,1,trial1,brow,5.8611,TRUE
pp5412,913,bin_2,2,trial1,brow,3.0877,TRUE
pp5412,913,bin_3,3,trial1,brow,3.2555,TRUE
pp5412,913,bin_4,4,trial1,brow,4.5535,TRUE
pp5412,913,bin_5,5,trial1,brow,3.9881,TRUE
pp5412,913,bin_6,6,trial1,brow,4.7541,TRUE
pp5412,913,bin_7,7,trial1,brow,4.2071,TRUE
pp5412,913,bin_8,8,trial1,brow,3.6293,TRUE
pp5412,913,bin_9,9,trial1,brow,5.9541,TRUE
pp5412,913,bin_10,10,trial1,brow,4.4923,TRUE
pp5413,285,bin_0,0,trial2,cheek,9.9874,TRUE
pp5413,285,bin_1,1,trial2,cheek,4.9803,TRUE
pp5413,285,bin_2,2,trial2,cheek,6.3769,TRUE
pp5413,285,bin_3,3,trial2,cheek,4.7979,TRUE
pp5413,285,bin_4,4,trial2,cheek,4.362,TRUE
pp5413,285,bin_5,5,trial2,cheek,3.4681,TRUE
pp5413,285,bin_6,6,trial2,cheek,3.3235,TRUE
pp5413,285,bin_7,7,trial2,cheek,3.7172,TRUE
pp5413,285,bin_8,8,trial2,cheek,3.0118,TRUE
pp5413,285,bin_9,9,trial2,cheek,4.0941,TRUE
pp5413,285,bin_10,10,trial2,cheek,4.6159,TRUE
pp5413,913,bin_0,0,trial1,brow,8.1911,TRUE
pp5413,913,bin_1,1,trial1,brow,7.2003,TRUE
pp5413,913,bin_2,2,trial1,brow,7.632,TRUE
pp5413,913,bin_3,3,trial1,brow,7.2096,TRUE
pp5413,913,bin_4,4,trial1,brow,6.206,TRUE
pp5413,913,bin_5,5,trial1,brow,8.273,TRUE
pp5413,913,bin_6,6,trial1,brow,7.7703,TRUE
pp5413,913,bin_7,7,trial1,brow,9.1411,TRUE
pp5413,913,bin_8,8,trial1,brow,6.6757,TRUE
pp5413,913,bin_9,9,trial1,brow,8.2929,TRUE
pp5413,913,bin_10,10,trial1,brow,6.0758,TRUE
pp5413,913,bin_0,0,trial3,cheek,5.2467,TRUE
pp5413,913,bin_1,1,trial3,cheek,4.0038,TRUE
pp5413,913,bin_2,2,trial3,cheek,3.6959,TRUE
pp5413,913,bin_3,3,trial3,cheek,3.7881,TRUE
pp5413,913,bin_4,4,trial3,cheek,3.1263,TRUE
pp5413,913,bin_5,5,trial3,cheek,3.6363,TRUE
pp5413,913,bin_6,6,trial3,cheek,2.8428,TRUE
pp5413,913,bin_7,7,trial3,cheek,3.1511,TRUE
pp5413,913,bin_8,8,trial3,cheek,2.9169,TRUE
pp5413,913,bin_9,9,trial3,cheek,2.8612,TRUE
pp5413,913,bin_10,10,trial3,cheek,3.1632,TRUE
pp5414,285,bin_0,0,trial1,brow,8.5922,TRUE
pp5414,285,bin_1,1,trial1,brow,8.9233,TRUE
pp5414,285,bin_2,2,trial1,brow,5.1098,TRUE
pp5414,285,bin_3,3,trial1,brow,5.3733,TRUE
pp5414,285,bin_4,4,trial1,brow,6.4679,TRUE
pp5414,285,bin_5,5,trial1,brow,5.4521,TRUE
pp5414,285,bin_6,6,trial1,brow,6.9541,TRUE
pp5414,285,bin_7,7,trial1,brow,6.1043,TRUE
pp5414,285,bin_8,8,trial1,brow,7.4632,TRUE
pp5414,285,bin_9,9,trial1,brow,5.9981,TRUE
pp5414,285,bin_10,10,trial1,brow,4.9727,TRUE
pp5414,285,bin_0,0,trial1,cheek,13.6532,TRUE
pp5414,285,bin_1,1,trial1,cheek,4.642,TRUE
pp5414,285,bin_2,2,trial1,cheek,3.42,TRUE
pp5414,285,bin_3,3,trial1,cheek,4.4159,TRUE
pp5414,285,bin_4,4,trial1,cheek,5.156,TRUE
pp5414,285,bin_5,5,trial1,cheek,5.3163,TRUE
pp5414,285,bin_6,6,trial1,cheek,6.3065,TRUE
pp5414,285,bin_7,7,trial1,cheek,3.1095,TRUE
pp5414,285,bin_8,8,trial1,cheek,3.1943,TRUE
pp5414,285,bin_9,9,trial1,cheek,3.0158,TRUE
pp5414,285,bin_10,10,trial1,cheek,3.3261,TRUE
pp5414,913,bin_0,0,trial8,brow,16.3888,TRUE
pp5414,913,bin_1,1,trial8,brow,12.2213,TRUE
pp5414,913,bin_2,2,trial8,brow,9.1918,TRUE
pp5414,913,bin_3,3,trial8,brow,8.9624,TRUE
pp5414,913,bin_4,4,trial8,brow,7.2596,TRUE
pp5414,913,bin_5,5,trial8,brow,9.5664,TRUE
pp5414,913,bin_6,6,trial8,brow,13.7859,TRUE
pp5414,913,bin_7,7,trial8,brow,22.1386,TRUE
pp5414,913,bin_8,8,trial8,brow,11.4586,TRUE
pp5414,913,bin_9,9,trial8,brow,9.9709,TRUE
pp5414,913,bin_10,10,trial8,brow,6.7043,TRUE
pp5414,913,bin_0,0,trial8,cheek,40.4458,TRUE
pp5414,913,bin_1,1,trial8,cheek,63.0438,TRUE
pp5414,913,bin_2,2,trial8,cheek,41.0176,TRUE
pp5414,913,bin_3,3,trial8,cheek,17.3762,TRUE
pp5414,913,bin_4,4,trial8,cheek,18.4337,TRUE
pp5414,913,bin_5,5,trial8,cheek,33.6035,TRUE
pp5414,913,bin_6,6,trial8,cheek,108.2444,TRUE
pp5414,913,bin_7,7,trial8,cheek,91.5983,TRUE
pp5414,913,bin_8,8,trial8,cheek,51.4014,TRUE
pp5414,913,bin_9,9,trial8,cheek,43.3099,TRUE
pp5414,913,bin_10,10,trial8,cheek,36.7852,TRUE
pp5416,285,bin_0,0,trial1,cheek,9.1218,TRUE
pp5416,285,bin_1,1,trial1,cheek,9.9279,TRUE
pp5416,285,bin_2,2,trial1,cheek,25.8416,TRUE
pp5416,285,bin_3,3,trial1,cheek,20.319,TRUE
pp5416,285,bin_4,4,trial1,cheek,9.4175,TRUE
pp5416,285,bin_5,5,trial1,cheek,5.6777,TRUE
pp5416,285,bin_6,6,trial1,cheek,7.2198,TRUE
pp5416,285,bin_7,7,trial1,cheek,6.9492,TRUE
pp5416,285,bin_8,8,trial1,cheek,6.704,TRUE
pp5416,285,bin_9,9,trial1,cheek,6.8735,TRUE
pp5416,285,bin_10,10,trial1,cheek,7.2136,TRUE
pp5416,913,bin_0,0,trial8,brow,6.8227,TRUE
pp5416,913,bin_1,1,trial8,brow,5.9997,TRUE
pp5416,913,bin_2,2,trial8,brow,4.3474,TRUE
pp5416,913,bin_3,3,trial8,brow,3.193,TRUE
pp5416,913,bin_4,4,trial8,brow,5.5139,TRUE
pp5416,913,bin_5,5,trial8,brow,5.2179,TRUE
pp5416,913,bin_6,6,trial8,brow,5.6412,TRUE
pp5416,913,bin_7,7,trial8,brow,4.798,TRUE
pp5416,913,bin_8,8,trial8,brow,4.3011,TRUE
pp5416,913,bin_9,9,trial8,brow,4.8955,TRUE
pp5416,913,bin_10,10,trial8,brow,5.2225,TRUE
pp5417,285,bin_0,0,trial6,brow,36.1547,TRUE
pp5417,285,bin_1,1,trial6,brow,35.5258,TRUE
pp5417,285,bin_2,2,trial6,brow,36.2732,TRUE
pp5417,285,bin_3,3,trial6,brow,32.955,TRUE
pp5417,285,bin_4,4,trial6,brow,30.3012,TRUE
pp5417,285,bin_5,5,trial6,brow,21.7668,TRUE
pp5417,285,bin_6,6,trial6,brow,14.4812,TRUE
pp5417,285,bin_7,7,trial6,brow,14.6439,TRUE
pp5417,285,bin_8,8,trial6,brow,6.7265,TRUE
pp5417,285,bin_9,9,trial6,brow,12.7841,TRUE
pp5417,285,bin_10,10,trial6,brow,16.2984,TRUE
pp5417,285,bin_0,0,trial2,cheek,19.5829,TRUE
pp5417,285,bin_1,1,trial2,cheek,13.725,TRUE
pp5417,285,bin_2,2,trial2,cheek,27.6087,TRUE
pp5417,285,bin_3,3,trial2,cheek,16.0511,TRUE
pp5417,285,bin_4,4,trial2,cheek,7.4402,TRUE
pp5417,285,bin_5,5,trial2,cheek,5.957,TRUE
pp5417,285,bin_6,6,trial2,cheek,10.2682,TRUE
pp5417,285,bin_7,7,trial2,cheek,8.9116,TRUE
pp5417,285,bin_8,8,trial2,cheek,10.6024,TRUE
pp5417,285,bin_9,9,trial2,cheek,9.9016,TRUE
pp5417,285,bin_10,10,trial2,cheek,4.3244,TRUE
pp5417,913,bin_0,0,trial5,cheek,13.8369,TRUE
pp5417,913,bin_1,1,trial5,cheek,49.2522,TRUE
pp5417,913,bin_2,2,trial5,cheek,13.2242,TRUE
pp5417,913,bin_3,3,trial5,cheek,9.1156,TRUE
pp5417,913,bin_4,4,trial5,cheek,6.3934,TRUE
pp5417,913,bin_5,5,trial5,cheek,5.1568,TRUE
pp5417,913,bin_6,6,trial5,cheek,3.7161,TRUE
pp5417,913,bin_7,7,trial5,cheek,6.3485,TRUE
pp5417,913,bin_8,8,trial5,cheek,8.9476,TRUE
pp5417,913,bin_9,9,trial5,cheek,5.2054,TRUE
pp5417,913,bin_10,10,trial5,cheek,4.5117,TRUE
pp5418,285,bin_0,0,trial2,cheek,5.6816,TRUE
pp5418,285,bin_1,1,trial2,cheek,4.8766,TRUE
pp5418,285,bin_2,2,trial2,cheek,4.8865,TRUE
pp5418,285,bin_3,3,trial2,cheek,4.7768,TRUE
pp5418,285,bin_4,4,trial2,cheek,5.3647,TRUE
pp5418,285,bin_5,5,trial2,cheek,6.2911,TRUE
pp5418,285,bin_6,6,trial2,cheek,4.9248,TRUE
pp5418,285,bin_7,7,trial2,cheek,4.9677,TRUE
pp5418,285,bin_8,8,trial2,cheek,4.8381,TRUE
pp5418,285,bin_9,9,trial2,cheek,4.9458,TRUE
pp5418,285,bin_10,10,trial2,cheek,4.7229,TRUE
pp5418,913,bin_0,0,trial2,brow,14.2823,TRUE
pp5418,913,bin_1,1,trial2,brow,13.4051,TRUE
pp5418,913,bin_2,2,trial2,brow,12.0695,TRUE
pp5418,913,bin_3,3,trial2,brow,11.0294,TRUE
pp5418,913,bin_4,4,trial2,brow,11.2237,TRUE
pp5418,913,bin_5,5,trial2,brow,14.9849,TRUE
pp5418,913,bin_6,6,trial2,brow,8.5905,TRUE
pp5418,913,bin_7,7,trial2,brow,14.6013,TRUE
pp5418,913,bin_8,8,trial2,brow,8.3525,TRUE
pp5418,913,bin_9,9,trial2,brow,9.8618,TRUE
pp5418,913,bin_10,10,trial2,brow,11.3145,TRUE
pp5418,913,bin_0,0,trial8,cheek,5.3,TRUE
pp5418,913,bin_1,1,trial8,cheek,5.0247,TRUE
pp5418,913,bin_2,2,trial8,cheek,3.8824,TRUE
pp5418,913,bin_3,3,trial8,cheek,4.9173,TRUE
pp5418,913,bin_4,4,trial8,cheek,5.1045,TRUE
pp5418,913,bin_5,5,trial8,cheek,4.6589,TRUE
pp5418,913,bin_6,6,trial8,cheek,5.3346,TRUE
pp5418,913,bin_7,7,trial8,cheek,4.4531,TRUE
pp5418,913,bin_8,8,trial8,cheek,4.5784,TRUE
pp5418,913,bin_9,9,trial8,cheek,4.4684,TRUE
pp5418,913,bin_10,10,trial8,cheek,4.9462,TRUE
pp5419,285,bin_0,0,trial6,cheek,4.881,TRUE
pp5419,285,bin_1,1,trial6,cheek,4.4972,TRUE
pp5419,285,bin_2,2,trial6,cheek,3.8986,TRUE
pp5419,285,bin_3,3,trial6,cheek,5.0244,TRUE
pp5419,285,bin_4,4,trial6,cheek,3.5964,TRUE
pp5419,285,bin_5,5,trial6,cheek,3.8978,TRUE
pp5419,285,bin_6,6,trial6,cheek,3.9467,TRUE
pp5419,285,bin_7,7,trial6,cheek,4.4003,TRUE
pp5419,285,bin_8,8,trial6,cheek,3.0682,TRUE
pp5419,285,bin_9,9,trial6,cheek,4.4841,TRUE
pp5419,285,bin_10,10,trial6,cheek,3.1867,TRUE
pp5419,913,bin_0,0,trial8,brow,5.3817,TRUE
pp5419,913,bin_1,1,trial8,brow,4.4835,TRUE
pp5419,913,bin_2,2,trial8,brow,5.0216,TRUE
pp5419,913,bin_3,3,trial8,brow,4.9653,TRUE
pp5419,913,bin_4,4,trial8,brow,4.2882,TRUE
pp5419,913,bin_5,5,trial8,brow,3.7553,TRUE
pp5419,913,bin_6,6,trial8,brow,4.7753,TRUE
pp5419,913,bin_7,7,trial8,brow,4.6377,TRUE
pp5419,913,bin_8,8,trial8,brow,4.5163,TRUE
pp5419,913,bin_9,9,trial8,brow,3.2686,TRUE
pp5419,913,bin_10,10,trial8,brow,4.2637,TRUE
pp5419,913,bin_0,0,trial4,cheek,4.0282,TRUE
pp5419,913,bin_1,1,trial4,cheek,3.4923,TRUE
pp5419,913,bin_2,2,trial4,cheek,3.5955,TRUE
pp5419,913,bin_3,3,trial4,cheek,3.403,TRUE
pp5419,913,bin_4,4,trial4,cheek,4.3599,TRUE
pp5419,913,bin_5,5,trial4,cheek,3.5346,TRUE
pp5419,913,bin_6,6,trial4,cheek,3.0069,TRUE
pp5419,913,bin_7,7,trial4,cheek,3.8211,TRUE
pp5419,913,bin_8,8,trial4,cheek,3.3274,TRUE
pp5419,913,bin_9,9,trial4,cheek,2.9962,TRUE
pp5419,913,bin_10,10,trial4,cheek,3.6929,TRUE
pp542,285,bin_0,0,trial6,brow,49.0895,TRUE
pp542,285,bin_1,1,trial6,brow,17.855,TRUE
pp542,285,bin_2,2,trial6,brow,9.699,TRUE
pp542,285,bin_3,3,trial6,brow,8.0939,TRUE
pp542,285,bin_4,4,trial6,brow,9.4684,TRUE
pp542,285,bin_5,5,trial6,brow,7.6396,TRUE
pp542,285,bin_6,6,trial6,brow,20.9898,TRUE
pp542,285,bin_7,7,trial6,brow,18.0528,TRUE
pp542,285,bin_8,8,trial6,brow,20.4442,TRUE
pp542,285,bin_9,9,trial6,brow,29.9051,TRUE
pp542,285,bin_10,10,trial6,brow,16.4283,TRUE
pp542,285,bin_0,0,trial6,cheek,32.3684,TRUE
pp542,285,bin_1,1,trial6,cheek,13.9367,TRUE
pp542,285,bin_2,2,trial6,cheek,13.9607,TRUE
pp542,285,bin_3,3,trial6,cheek,9.6441,TRUE
pp542,285,bin_4,4,trial6,cheek,10.1253,TRUE
pp542,285,bin_5,5,trial6,cheek,7.2806,TRUE
pp542,285,bin_6,6,trial6,cheek,12.0948,TRUE
pp542,285,bin_7,7,trial6,cheek,8.1908,TRUE
pp542,285,bin_8,8,trial6,cheek,56.5767,TRUE
pp542,285,bin_9,9,trial6,cheek,39.5024,TRUE
pp542,285,bin_10,10,trial6,cheek,19.671,TRUE
pp542,913,bin_0,0,trial2,brow,10.0369,TRUE
pp542,913,bin_1,1,trial2,brow,6.9134,TRUE
pp542,913,bin_2,2,trial2,brow,10.8395,TRUE
pp542,913,bin_3,3,trial2,brow,7.3436,TRUE
pp542,913,bin_4,4,trial2,brow,4.8867,TRUE
pp542,913,bin_5,5,trial2,brow,6.6372,TRUE
pp542,913,bin_6,6,trial2,brow,13.0236,TRUE
pp542,913,bin_7,7,trial2,brow,10.2134,TRUE
pp542,913,bin_8,8,trial2,brow,10.5008,TRUE
pp542,913,bin_9,9,trial2,brow,6.1702,TRUE
pp542,913,bin_10,10,trial2,brow,5.7961,TRUE
pp542,913,bin_0,0,trial7,cheek,12.1068,TRUE
pp542,913,bin_1,1,trial7,cheek,8.2393,TRUE
pp542,913,bin_2,2,trial7,cheek,10.4345,TRUE
pp542,913,bin_3,3,trial7,cheek,12.6449,TRUE
pp542,913,bin_4,4,trial7,cheek,11.8538,TRUE
pp542,913,bin_5,5,trial7,cheek,9.5634,TRUE
pp542,913,bin_6,6,trial7,cheek,4.6409,TRUE
pp542,913,bin_7,7,trial7,cheek,6.0697,TRUE
pp542,913,bin_8,8,trial7,cheek,5.6103,TRUE
pp542,913,bin_9,9,trial7,cheek,6.39,TRUE
pp542,913,bin_10,10,trial7,cheek,6.6857,TRUE
pp5422,285,bin_0,0,trial6,brow,8.5825,TRUE
pp5422,285,bin_1,1,trial6,brow,5.0092,TRUE
pp5422,285,bin_2,2,trial6,brow,4.4498,TRUE
pp5422,285,bin_3,3,trial6,brow,6.1124,TRUE
pp5422,285,bin_4,4,trial6,brow,8.667,TRUE
pp5422,285,bin_5,5,trial6,brow,5.9169,TRUE
pp5422,285,bin_6,6,trial6,brow,5.3235,TRUE
pp5422,285,bin_7,7,trial6,brow,7.6554,TRUE
pp5422,285,bin_8,8,trial6,brow,3.7059,TRUE
pp5422,285,bin_9,9,trial6,brow,3.265,TRUE
pp5422,285,bin_10,10,trial6,brow,6.1697,TRUE
pp5422,285,bin_0,0,trial5,cheek,27.999,TRUE
pp5422,285,bin_1,1,trial5,cheek,5.6661,TRUE
pp5422,285,bin_2,2,trial5,cheek,6.8978,TRUE
pp5422,285,bin_3,3,trial5,cheek,6.3212,TRUE
pp5422,285,bin_4,4,trial5,cheek,9.4607,TRUE
pp5422,285,bin_5,5,trial5,cheek,15.8391,TRUE
pp5422,285,bin_6,6,trial5,cheek,10.928,TRUE
pp5422,285,bin_7,7,trial5,cheek,6.4567,TRUE
pp5422,285,bin_8,8,trial5,cheek,3.4636,TRUE
pp5422,285,bin_9,9,trial5,cheek,3.3154,TRUE
pp5422,285,bin_10,10,trial5,cheek,3.7147,TRUE
pp5422,913,bin_0,0,trial4,brow,8.2427,TRUE
pp5422,913,bin_1,1,trial4,brow,35.9564,TRUE
pp5422,913,bin_2,2,trial4,brow,22.8761,TRUE
pp5422,913,bin_3,3,trial4,brow,18.7612,TRUE
pp5422,913,bin_4,4,trial4,brow,10.6643,TRUE
pp5422,913,bin_5,5,trial4,brow,4.9672,TRUE
pp5422,913,bin_6,6,trial4,brow,8.7119,TRUE
pp5422,913,bin_7,7,trial4,brow,10.6833,TRUE
pp5422,913,bin_8,8,trial4,brow,6.8375,TRUE
pp5422,913,bin_9,9,trial4,brow,8.2625,TRUE
pp5422,913,bin_10,10,trial4,brow,9.5574,TRUE
pp5422,913,bin_0,0,trial8,cheek,12.7117,TRUE
pp5422,913,bin_1,1,trial8,cheek,11.5768,TRUE
pp5422,913,bin_2,2,trial8,cheek,11.8007,TRUE
pp5422,913,bin_3,3,trial8,cheek,18.4018,TRUE
pp5422,913,bin_4,4,trial8,cheek,12.577,TRUE
pp5422,913,bin_5,5,trial8,cheek,27.2076,TRUE
pp5422,913,bin_6,6,trial8,cheek,21.5892,TRUE
pp5422,913,bin_7,7,trial8,cheek,29.4399,TRUE
pp5422,913,bin_8,8,trial8,cheek,25.7152,TRUE
pp5422,913,bin_9,9,trial8,cheek,39.0693,TRUE
pp5422,913,bin_10,10,trial8,cheek,35.4461,TRUE
pp5423,285,bin_0,0,trial1,brow,11.3243,TRUE
pp5423,285,bin_1,1,trial1,brow,12.006,TRUE
pp5423,285,bin_2,2,trial1,brow,12.5896,TRUE
pp5423,285,bin_3,3,trial1,brow,11.2002,TRUE
pp5423,285,bin_4,4,trial1,brow,9.3607,TRUE
pp5423,285,bin_5,5,trial1,brow,9.0838,TRUE
pp5423,285,bin_6,6,trial1,brow,10.2907,TRUE
pp5423,285,bin_7,7,trial1,brow,10.2533,TRUE
pp5423,285,bin_8,8,trial1,brow,9.382,TRUE
pp5423,285,bin_9,9,trial1,brow,10.3116,TRUE
pp5423,285,bin_10,10,trial1,brow,8.8808,TRUE
pp5423,285,bin_0,0,trial1,cheek,3.0059,TRUE
pp5423,285,bin_1,1,trial1,cheek,3.1521,TRUE
pp5423,285,bin_2,2,trial1,cheek,2.7052,TRUE
pp5423,285,bin_3,3,trial1,cheek,2.359,TRUE
pp5423,285,bin_4,4,trial1,cheek,2.6103,TRUE
pp5423,285,bin_5,5,trial1,cheek,2.2977,TRUE
pp5423,285,bin_6,6,trial1,cheek,2.2426,TRUE
pp5423,285,bin_7,7,trial1,cheek,2.6476,TRUE
pp5423,285,bin_8,8,trial1,cheek,2.1476,TRUE
pp5423,285,bin_9,9,trial1,cheek,2.4603,TRUE
pp5423,285,bin_10,10,trial1,cheek,2.6988,TRUE
pp5423,913,bin_0,0,trial8,brow,11.0155,TRUE
pp5423,913,bin_1,1,trial8,brow,9.944,TRUE
pp5423,913,bin_2,2,trial8,brow,11.2362,TRUE
pp5423,913,bin_3,3,trial8,brow,9.6824,TRUE
pp5423,913,bin_4,4,trial8,brow,10.8847,TRUE
pp5423,913,bin_5,5,trial8,brow,13.6959,TRUE
pp5423,913,bin_6,6,trial8,brow,12.4675,TRUE
pp5423,913,bin_7,7,trial8,brow,10.2607,TRUE
pp5423,913,bin_8,8,trial8,brow,10.9575,TRUE
pp5423,913,bin_9,9,trial8,brow,10.9965,TRUE
pp5423,913,bin_10,10,trial8,brow,8.908,TRUE
pp5423,913,bin_0,0,trial1,cheek,4.794,TRUE
pp5423,913,bin_1,1,trial1,cheek,4.0797,TRUE
pp5423,913,bin_2,2,trial1,cheek,2.9825,TRUE
pp5423,913,bin_3,3,trial1,cheek,2.2741,TRUE
pp5423,913,bin_4,4,trial1,cheek,2.1902,TRUE
pp5423,913,bin_5,5,trial1,cheek,2.4684,TRUE
pp5423,913,bin_6,6,trial1,cheek,2.3763,TRUE
pp5423,913,bin_7,7,trial1,cheek,2.0868,TRUE
pp5423,913,bin_8,8,trial1,cheek,2.4679,TRUE
pp5423,913,bin_9,9,trial1,cheek,1.6813,TRUE
pp5423,913,bin_10,10,trial1,cheek,2.1744,TRUE
pp5424,285,bin_0,0,trial8,cheek,14.2737,TRUE
pp5424,285,bin_1,1,trial8,cheek,10.4628,TRUE
pp5424,285,bin_2,2,trial8,cheek,9.6427,TRUE
pp5424,285,bin_3,3,trial8,cheek,9.508,TRUE
pp5424,285,bin_4,4,trial8,cheek,10.2621,TRUE
pp5424,285,bin_5,5,trial8,cheek,8.0811,TRUE
pp5424,285,bin_6,6,trial8,cheek,7.3087,TRUE
pp5424,285,bin_7,7,trial8,cheek,10.5596,TRUE
pp5424,285,bin_8,8,trial8,cheek,8.3974,TRUE
pp5424,285,bin_9,9,trial8,cheek,6.8738,TRUE
pp5424,285,bin_10,10,trial8,cheek,7.1014,TRUE
pp5424,913,bin_0,0,trial8,cheek,3.8684,TRUE
pp5424,913,bin_1,1,trial8,cheek,3.0014,TRUE
pp5424,913,bin_2,2,trial8,cheek,3.4987,TRUE
pp5424,913,bin_3,3,trial8,cheek,4.5662,TRUE
pp5424,913,bin_4,4,trial8,cheek,2.953,TRUE
pp5424,913,bin_5,5,trial8,cheek,2.8982,TRUE
pp5424,913,bin_6,6,trial8,cheek,2.747,TRUE
pp5424,913,bin_7,7,trial8,cheek,3.6211,TRUE
pp5424,913,bin_8,8,trial8,cheek,4.2699,TRUE
pp5424,913,bin_9,9,trial8,cheek,4.6308,TRUE
pp5424,913,bin_10,10,trial8,cheek,3.7402,TRUE
pp543,285,bin_0,0,trial2,brow,21.1243,TRUE
pp543,285,bin_1,1,trial2,brow,12.3633,TRUE
pp543,285,bin_2,2,trial2,brow,9.075,TRUE
pp543,285,bin_3,3,trial2,brow,7.8038,TRUE
pp543,285,bin_4,4,trial2,brow,8.2356,TRUE
pp543,285,bin_5,5,trial2,brow,4.836,TRUE
pp543,285,bin_6,6,trial2,brow,10.8668,TRUE
pp543,285,bin_7,7,trial2,brow,7.7377,TRUE
pp543,285,bin_8,8,trial2,brow,9.6832,TRUE
pp543,285,bin_9,9,trial2,brow,5.8153,TRUE
pp543,285,bin_10,10,trial2,brow,5.9758,TRUE
pp543,285,bin_0,0,trial2,cheek,33.6225,TRUE
pp543,285,bin_1,1,trial2,cheek,24.1514,TRUE
pp543,285,bin_2,2,trial2,cheek,15.3591,TRUE
pp543,285,bin_3,3,trial2,cheek,26.1976,TRUE
pp543,285,bin_4,4,trial2,cheek,18.2043,TRUE
pp543,285,bin_5,5,trial2,cheek,31.3389,TRUE
pp543,285,bin_6,6,trial2,cheek,51.6383,TRUE
pp543,285,bin_7,7,trial2,cheek,38.882,TRUE
pp543,285,bin_8,8,trial2,cheek,35.1193,TRUE
pp543,285,bin_9,9,trial2,cheek,24.3767,TRUE
pp543,285,bin_10,10,trial2,cheek,14.0436,TRUE
pp544,285,bin_0,0,trial2,cheek,16.2075,TRUE
pp544,285,bin_1,1,trial2,cheek,11.1234,TRUE
pp544,285,bin_2,2,trial2,cheek,8.0525,TRUE
pp544,285,bin_3,3,trial2,cheek,9.7162,TRUE
pp544,285,bin_4,4,trial2,cheek,8.9306,TRUE
pp544,285,bin_5,5,trial2,cheek,10.3113,TRUE
pp544,285,bin_6,6,trial2,cheek,6.5426,TRUE
pp544,285,bin_7,7,trial2,cheek,5.7007,TRUE
pp544,285,bin_8,8,trial2,cheek,5.8958,TRUE
pp544,285,bin_9,9,trial2,cheek,6.0258,TRUE
pp544,285,bin_10,10,trial2,cheek,7.2581,TRUE
pp544,913,bin_0,0,trial4,cheek,9.8543,TRUE
pp544,913,bin_1,1,trial4,cheek,6.5702,TRUE
pp544,913,bin_2,2,trial4,cheek,7.6954,TRUE
pp544,913,bin_3,3,trial4,cheek,7.5561,TRUE
pp544,913,bin_4,4,trial4,cheek,5.9291,TRUE
pp544,913,bin_5,5,trial4,cheek,6.1361,TRUE
pp544,913,bin_6,6,trial4,cheek,5.3518,TRUE
pp544,913,bin_7,7,trial4,cheek,6.6217,TRUE
pp544,913,bin_8,8,trial4,cheek,5.4795,TRUE
pp544,913,bin_9,9,trial4,cheek,6.7181,TRUE
pp544,913,bin_10,10,trial4,cheek,6.1264,TRUE
pp545,285,bin_0,0,trial7,brow,15.6266,TRUE
pp545,285,bin_1,1,trial7,brow,15.027,TRUE
pp545,285,bin_2,2,trial7,brow,13.7449,TRUE
pp545,285,bin_3,3,trial7,brow,12.6002,TRUE
pp545,285,bin_4,4,trial7,brow,14.5892,TRUE
pp545,285,bin_5,5,trial7,brow,10.2178,TRUE
pp545,285,bin_6,6,trial7,brow,16.0791,TRUE
pp545,285,bin_7,7,trial7,brow,11.4264,TRUE
pp545,285,bin_8,8,trial7,brow,13.2408,TRUE
pp545,285,bin_9,9,trial7,brow,12.9605,TRUE
pp545,285,bin_10,10,trial7,brow,16.7835,TRUE
pp545,285,bin_0,0,trial1,cheek,6.1267,TRUE
pp545,285,bin_1,1,trial1,cheek,4.0942,TRUE
pp545,285,bin_2,2,trial1,cheek,3.6676,TRUE
pp545,285,bin_3,3,trial1,cheek,3.7948,TRUE
pp545,285,bin_4,4,trial1,cheek,2.8139,TRUE
pp545,285,bin_5,5,trial1,cheek,5.9428,TRUE
pp545,285,bin_6,6,trial1,cheek,2.5832,TRUE
pp545,285,bin_7,7,trial1,cheek,2.7341,TRUE
pp545,285,bin_8,8,trial1,cheek,5.1731,TRUE
pp545,285,bin_9,9,trial1,cheek,3.7267,TRUE
pp545,285,bin_10,10,trial1,cheek,3.2911,TRUE
pp545,913,bin_0,0,trial5,cheek,11.4911,TRUE
pp545,913,bin_1,1,trial5,cheek,2.5752,TRUE
pp545,913,bin_2,2,trial5,cheek,2.7506,TRUE
pp545,913,bin_3,3,trial5,cheek,2.4789,TRUE
pp545,913,bin_4,4,trial5,cheek,2.123,TRUE
pp545,913,bin_5,5,trial5,cheek,2.5887,TRUE
pp545,913,bin_6,6,trial5,cheek,3.0381,TRUE
pp545,913,bin_7,7,trial5,cheek,2.9599,TRUE
pp545,913,bin_8,8,trial5,cheek,2.9626,TRUE
pp545,913,bin_9,9,trial5,cheek,2.6277,TRUE
pp545,913,bin_10,10,trial5,cheek,3.1041,TRUE
pp545,913,bin_0,0,trial6,cheek,10.65,TRUE
pp545,913,bin_1,1,trial6,cheek,3.8107,TRUE
pp545,913,bin_2,2,trial6,cheek,4.1664,TRUE
pp545,913,bin_3,3,trial6,cheek,2.8958,TRUE
pp545,913,bin_4,4,trial6,cheek,3.0209,TRUE
pp545,913,bin_5,5,trial6,cheek,2.7957,TRUE
pp545,913,bin_6,6,trial6,cheek,3.9947,TRUE
pp545,913,bin_7,7,trial6,cheek,3.3785,TRUE
pp545,913,bin_8,8,trial6,cheek,4.9135,TRUE
pp545,913,bin_9,9,trial6,cheek,3.3762,TRUE
pp545,913,bin_10,10,trial6,cheek,2.8545,TRUE
pp546,285,bin_0,0,trial1,brow,7.5753,TRUE
pp546,285,bin_1,1,trial1,brow,6.5891,TRUE
pp546,285,bin_2,2,trial1,brow,6.8101,TRUE
pp546,285,bin_3,3,trial1,brow,10.3304,TRUE
pp546,285,bin_4,4,trial1,brow,9.578,TRUE
pp546,285,bin_5,5,trial1,brow,10.6671,TRUE
pp546,285,bin_6,6,trial1,brow,11.7182,TRUE
pp546,285,bin_7,7,trial1,brow,8.3292,TRUE
pp546,285,bin_8,8,trial1,brow,10.5831,TRUE
pp546,285,bin_9,9,trial1,brow,12.0348,TRUE
pp546,285,bin_10,10,trial1,brow,12.8048,TRUE
pp546,285,bin_0,0,trial5,cheek,4.694,TRUE
pp546,285,bin_1,1,trial5,cheek,5.2883,TRUE
pp546,285,bin_2,2,trial5,cheek,4.0146,TRUE
pp546,285,bin_3,3,trial5,cheek,3.1675,TRUE
pp546,285,bin_4,4,trial5,cheek,5.0979,TRUE
pp546,285,bin_5,5,trial5,cheek,4.9681,TRUE
pp546,285,bin_6,6,trial5,cheek,3.5972,TRUE
pp546,285,bin_7,7,trial5,cheek,3.5765,TRUE
pp546,285,bin_8,8,trial5,cheek,3.1671,TRUE
pp546,285,bin_9,9,trial5,cheek,3.743,TRUE
pp546,285,bin_10,10,trial5,cheek,4.2517,TRUE
pp546,913,bin_0,0,trial7,cheek,12.2309,TRUE
pp546,913,bin_1,1,trial7,cheek,4.6053,TRUE
pp546,913,bin_2,2,trial7,cheek,5.0697,TRUE
pp546,913,bin_3,3,trial7,cheek,4.9489,TRUE
pp546,913,bin_4,4,trial7,cheek,4.8638,TRUE
pp546,913,bin_5,5,trial7,cheek,10.2049,TRUE
pp546,913,bin_6,6,trial7,cheek,6.0385,TRUE
pp546,913,bin_7,7,trial7,cheek,4.1686,TRUE
pp546,913,bin_8,8,trial7,cheek,5.2008,TRUE
pp546,913,bin_9,9,trial7,cheek,4.7892,TRUE
pp546,913,bin_10,10,trial7,cheek,7.2018,TRUE
pp547,285,bin_0,0,trial3,cheek,40.6935,TRUE
pp547,285,bin_1,1,trial3,cheek,25.8351,TRUE
pp547,285,bin_2,2,trial3,cheek,21.469,TRUE
pp547,285,bin_3,3,trial3,cheek,9.1701,TRUE
pp547,285,bin_4,4,trial3,cheek,4.3743,TRUE
pp547,285,bin_5,5,trial3,cheek,4.0974,TRUE
pp547,285,bin_6,6,trial3,cheek,4.0603,TRUE
pp547,285,bin_7,7,trial3,cheek,3.153,TRUE
pp547,285,bin_8,8,trial3,cheek,4.1277,TRUE
pp547,285,bin_9,9,trial3,cheek,4.5534,TRUE
pp547,285,bin_10,10,trial3,cheek,4.3621,TRUE
pp547,913,bin_0,0,trial6,cheek,28.9881,TRUE
pp547,913,bin_1,1,trial6,cheek,28.8359,TRUE
pp547,913,bin_2,2,trial6,cheek,23.0071,TRUE
pp547,913,bin_3,3,trial6,cheek,16.1167,TRUE
pp547,913,bin_4,4,trial6,cheek,17.6766,TRUE
pp547,913,bin_5,5,trial6,cheek,19.088,TRUE
pp547,913,bin_6,6,trial6,cheek,15.7432,TRUE
pp547,913,bin_7,7,trial6,cheek,14.7774,TRUE
pp547,913,bin_8,8,trial6,cheek,14.0874,TRUE
pp547,913,bin_9,9,trial6,cheek,15.4624,TRUE
pp547,913,bin_10,10,trial6,cheek,11.9789,TRUE
pp548,913,bin_0,0,trial6,brow,9.8472,TRUE
pp548,913,bin_1,1,trial6,brow,6.7235,TRUE
pp548,913,bin_2,2,trial6,brow,10.2366,TRUE
pp548,913,bin_3,3,trial6,brow,8.1768,TRUE
pp548,913,bin_4,4,trial6,brow,9.7646,TRUE
pp548,913,bin_5,5,trial6,brow,6.8575,TRUE
pp548,913,bin_6,6,trial6,brow,9.2489,TRUE
pp548,913,bin_7,7,trial6,brow,8.3732,TRUE
pp548,913,bin_8,8,trial6,brow,10.5624,TRUE
pp548,913,bin_9,9,trial6,brow,9.3681,TRUE
pp548,913,bin_10,10,trial6,brow,7.4017,TRUE
pp548,913,bin_0,0,trial4,cheek,6.098,TRUE
pp548,913,bin_1,1,trial4,cheek,6.3124,TRUE
pp548,913,bin_2,2,trial4,cheek,6.8266,TRUE
pp548,913,bin_3,3,trial4,cheek,8.4517,TRUE
pp548,913,bin_4,4,trial4,cheek,7.2659,TRUE
pp548,913,bin_5,5,trial4,cheek,7.9245,TRUE
pp548,913,bin_6,6,trial4,cheek,8.6609,TRUE
pp548,913,bin_7,7,trial4,cheek,8.9855,TRUE
pp548,913,bin_8,8,trial4,cheek,8.8325,TRUE
pp548,913,bin_9,9,trial4,cheek,5.4472,TRUE
pp548,913,bin_10,10,trial4,cheek,5.1968,TRUE
pp549,913,bin_0,0,trial3,brow,13.6353,TRUE
pp549,913,bin_1,1,trial3,brow,11.2493,TRUE
pp549,913,bin_2,2,trial3,brow,12.5365,TRUE
pp549,913,bin_3,3,trial3,brow,11.7734,TRUE
pp549,913,bin_4,4,trial3,brow,13.8926,TRUE
pp549,913,bin_5,5,trial3,brow,11.7416,TRUE
pp549,913,bin_6,6,trial3,brow,11.6984,TRUE
pp549,913,bin_7,7,trial3,brow,10.9511,TRUE
pp549,913,bin_8,8,trial3,brow,15.955,TRUE
pp549,913,bin_9,9,trial3,brow,12.3442,TRUE
pp549,913,bin_10,10,trial3,brow,11.7833,TRUE
pp549,913,bin_0,0,trial8,cheek,6.7581,TRUE
pp549,913,bin_1,1,trial8,cheek,3.8877,TRUE
pp549,913,bin_2,2,trial8,cheek,4.0836,TRUE
pp549,913,bin_3,3,trial8,cheek,4.1726,TRUE
pp549,913,bin_4,4,trial8,cheek,3.3093,TRUE
pp549,913,bin_5,5,trial8,cheek,3.2561,TRUE
pp549,913,bin_6,6,trial8,cheek,3.0014,TRUE
pp549,913,bin_7,7,trial8,cheek,3.3827,TRUE
pp549,913,bin_8,8,trial8,cheek,2.6031,TRUE
pp549,913,bin_9,9,trial8,cheek,2.9773,TRUE
pp549,913,bin_10,10,trial8,cheek,2.5954,TRUE
pp601,285,bin_0,0,trial8,brow,26.4325,TRUE
pp601,285,bin_1,1,trial8,brow,18.4386,TRUE
pp601,285,bin_2,2,trial8,brow,12.4103,TRUE
pp601,285,bin_3,3,trial8,brow,16.1041,TRUE
pp601,285,bin_4,4,trial8,brow,12.8325,TRUE
pp601,285,bin_5,5,trial8,brow,12.7243,TRUE
pp601,285,bin_6,6,trial8,brow,11.9551,TRUE
pp601,285,bin_7,7,trial8,brow,13.7955,TRUE
pp601,285,bin_8,8,trial8,brow,12.0679,TRUE
pp601,285,bin_9,9,trial8,brow,13.2615,TRUE
pp601,285,bin_10,10,trial8,brow,12.9665,TRUE
pp601,285,bin_0,0,trial5,cheek,9.8067,TRUE
pp601,285,bin_1,1,trial5,cheek,9.404,TRUE
pp601,285,bin_2,2,trial5,cheek,6.9039,TRUE
pp601,285,bin_3,3,trial5,cheek,5.566,TRUE
pp601,285,bin_4,4,trial5,cheek,5.3762,TRUE
pp601,285,bin_5,5,trial5,cheek,7.5102,TRUE
pp601,285,bin_6,6,trial5,cheek,4.81,TRUE
pp601,285,bin_7,7,trial5,cheek,3.9991,TRUE
pp601,285,bin_8,8,trial5,cheek,4.4601,TRUE
pp601,285,bin_9,9,trial5,cheek,7.1243,TRUE
pp601,285,bin_10,10,trial5,cheek,4.1539,TRUE
pp601,913,bin_0,0,trial2,cheek,10.2406,TRUE
pp601,913,bin_1,1,trial2,cheek,4.7706,TRUE
pp601,913,bin_2,2,trial2,cheek,4.9848,TRUE
pp601,913,bin_3,3,trial2,cheek,4.4656,TRUE
pp601,913,bin_4,4,trial2,cheek,8.2738,TRUE
pp601,913,bin_5,5,trial2,cheek,8.3726,TRUE
pp601,913,bin_6,6,trial2,cheek,4.4421,TRUE
pp601,913,bin_7,7,trial2,cheek,4.2778,TRUE
pp601,913,bin_8,8,trial2,cheek,5.3786,TRUE
pp601,913,bin_9,9,trial2,cheek,4.2463,TRUE
pp601,913,bin_10,10,trial2,cheek,4.4116,TRUE
pp602,285,bin_0,0,trial8,brow,26.1665,TRUE
pp602,285,bin_1,1,trial8,brow,30.2296,TRUE
pp602,285,bin_2,2,trial8,brow,21.7981,TRUE
pp602,285,bin_3,3,trial8,brow,24.0684,TRUE
pp602,285,bin_4,4,trial8,brow,21.7631,TRUE
pp602,285,bin_5,5,trial8,brow,15.9741,TRUE
pp602,285,bin_6,6,trial8,brow,27.2921,TRUE
pp602,285,bin_7,7,trial8,brow,17.2054,TRUE
pp602,285,bin_8,8,trial8,brow,19.4116,TRUE
pp602,285,bin_9,9,trial8,brow,19.3757,TRUE
pp602,285,bin_10,10,trial8,brow,22.6915,TRUE
pp602,285,bin_0,0,trial2,cheek,3.622,TRUE
pp602,285,bin_1,1,trial2,cheek,2.4859,TRUE
pp602,285,bin_2,2,trial2,cheek,2.7604,TRUE
pp602,285,bin_3,3,trial2,cheek,2.6091,TRUE
pp602,285,bin_4,4,trial2,cheek,2.8709,TRUE
pp602,285,bin_5,5,trial2,cheek,2.7977,TRUE
pp602,285,bin_6,6,trial2,cheek,2.4136,TRUE
pp602,285,bin_7,7,trial2,cheek,2.4114,TRUE
pp602,285,bin_8,8,trial2,cheek,2.9593,TRUE
pp602,285,bin_9,9,trial2,cheek,2.3302,TRUE
pp602,285,bin_10,10,trial2,cheek,2.9219,TRUE
pp602,913,bin_0,0,trial1,cheek,5.4621,TRUE
pp602,913,bin_1,1,trial1,cheek,11.3752,TRUE
pp602,913,bin_2,2,trial1,cheek,17.1885,TRUE
pp602,913,bin_3,3,trial1,cheek,17.2654,TRUE
pp602,913,bin_4,4,trial1,cheek,8.6512,TRUE
pp602,913,bin_5,5,trial1,cheek,7.6066,TRUE
pp602,913,bin_6,6,trial1,cheek,14.5288,TRUE
pp602,913,bin_7,7,trial1,cheek,6.9938,TRUE
pp602,913,bin_8,8,trial1,cheek,6.5025,TRUE
pp602,913,bin_9,9,trial1,cheek,10.3046,TRUE
pp602,913,bin_10,10,trial1,cheek,5.7348,TRUE
pp603,285,bin_0,0,trial4,brow,21.017,TRUE
pp603,285,bin_1,1,trial4,brow,12.6321,TRUE
pp603,285,bin_2,2,trial4,brow,9.7387,TRUE
pp603,285,bin_3,3,trial4,brow,7.5274,TRUE
pp603,285,bin_4,4,trial4,brow,8.2512,TRUE
pp603,285,bin_5,5,trial4,brow,12.1413,TRUE
pp603,285,bin_6,6,trial4,brow,8.0322,TRUE
pp603,285,bin_7,7,trial4,brow,11.6097,TRUE
pp603,285,bin_8,8,trial4,brow,11.4091,TRUE
pp603,285,bin_9,9,trial4,brow,12.7739,TRUE
pp603,285,bin_10,10,trial4,brow,12.3453,TRUE
pp603,285,bin_0,0,trial4,cheek,34.0611,TRUE
pp603,285,bin_1,1,trial4,cheek,5.3061,TRUE
pp603,285,bin_2,2,trial4,cheek,3.3694,TRUE
pp603,285,bin_3,3,trial4,cheek,5.6239,TRUE
pp603,285,bin_4,4,trial4,cheek,3.0201,TRUE
pp603,285,bin_5,5,trial4,cheek,5.328,TRUE
pp603,285,bin_6,6,trial4,cheek,2.7202,TRUE
pp603,285,bin_7,7,trial4,cheek,3.594,TRUE
pp603,285,bin_8,8,trial4,cheek,2.7209,TRUE
pp603,285,bin_9,9,trial4,cheek,5.6036,TRUE
pp603,285,bin_10,10,trial4,cheek,12.5173,TRUE
pp603,913,bin_0,0,trial8,brow,19.03,TRUE
pp603,913,bin_1,1,trial8,brow,24.3116,TRUE
pp603,913,bin_2,2,trial8,brow,13.5778,TRUE
pp603,913,bin_3,3,trial8,brow,12.1165,TRUE
pp603,913,bin_4,4,trial8,brow,16.5688,TRUE
pp603,913,bin_5,5,trial8,brow,16.5218,TRUE
pp603,913,bin_6,6,trial8,brow,12.7143,TRUE
pp603,913,bin_7,7,trial8,brow,13.8356,TRUE
pp603,913,bin_8,8,trial8,brow,14.2694,TRUE
pp603,913,bin_9,9,trial8,brow,13.7507,TRUE
pp603,913,bin_10,10,trial8,brow,13.9444,TRUE
pp603,913,bin_0,0,trial1,cheek,18.4035,TRUE
pp603,913,bin_1,1,trial1,cheek,18.1252,TRUE
pp603,913,bin_2,2,trial1,cheek,16.4696,TRUE
pp603,913,bin_3,3,trial1,cheek,11.2219,TRUE
pp603,913,bin_4,4,trial1,cheek,8.6494,TRUE
pp603,913,bin_5,5,trial1,cheek,6.7639,TRUE
pp603,913,bin_6,6,trial1,cheek,6.5135,TRUE
pp603,913,bin_7,7,trial1,cheek,4.5607,TRUE
pp603,913,bin_8,8,trial1,cheek,4.3789,TRUE
pp603,913,bin_9,9,trial1,cheek,5.1584,TRUE
pp603,913,bin_10,10,trial1,cheek,4.7314,TRUE
pp604,285,bin_0,0,trial4,brow,3.6883,TRUE
pp604,285,bin_1,1,trial4,brow,3.0922,TRUE
pp604,285,bin_2,2,trial4,brow,2.323,TRUE
pp604,285,bin_3,3,trial4,brow,2.027,TRUE
pp604,285,bin_4,4,trial4,brow,2.4259,TRUE
pp604,285,bin_5,5,trial4,brow,2.3699,TRUE
pp604,285,bin_6,6,trial4,brow,1.9653,TRUE
pp604,285,bin_7,7,trial4,brow,2.7289,TRUE
pp604,285,bin_8,8,trial4,brow,2.0478,TRUE
pp604,285,bin_9,9,trial4,brow,2.0374,TRUE
pp604,285,bin_10,10,trial4,brow,1.9268,TRUE
pp604,285,bin_0,0,trial5,cheek,6.3898,TRUE
pp604,285,bin_1,1,trial5,cheek,4.3002,TRUE
pp604,285,bin_2,2,trial5,cheek,5.5186,TRUE
pp604,285,bin_3,3,trial5,cheek,5.868,TRUE
pp604,285,bin_4,4,trial5,cheek,4.1518,TRUE
pp604,285,bin_5,5,trial5,cheek,5.5779,TRUE
pp604,285,bin_6,6,trial5,cheek,6.2663,TRUE
pp604,285,bin_7,7,trial5,cheek,8.8097,TRUE
pp604,285,bin_8,8,trial5,cheek,7.3972,TRUE
pp604,285,bin_9,9,trial5,cheek,9.8338,TRUE
pp604,285,bin_10,10,trial5,cheek,8.8375,TRUE
pp604,913,bin_0,0,trial5,brow,2.9364,TRUE
pp604,913,bin_1,1,trial5,brow,2.386,TRUE
pp604,913,bin_2,2,trial5,brow,2.7316,TRUE
pp604,913,bin_3,3,trial5,brow,3.4624,TRUE
pp604,913,bin_4,4,trial5,brow,2.0996,TRUE
pp604,913,bin_5,5,trial5,brow,3.1982,TRUE
pp604,913,bin_6,6,trial5,brow,4.1575,TRUE
pp604,913,bin_7,7,trial5,brow,2.9731,TRUE
pp604,913,bin_8,8,trial5,brow,2.1103,TRUE
pp604,913,bin_9,9,trial5,brow,2.5603,TRUE
pp604,913,bin_10,10,trial5,brow,2.8657,TRUE
pp604,913,bin_0,0,trial3,cheek,13.5308,TRUE
pp604,913,bin_1,1,trial3,cheek,1.8132,TRUE
pp604,913,bin_2,2,trial3,cheek,2.4793,TRUE
pp604,913,bin_3,3,trial3,cheek,2.096,TRUE
pp604,913,bin_4,4,trial3,cheek,2.6149,TRUE
pp604,913,bin_5,5,trial3,cheek,2.5118,TRUE
pp604,913,bin_6,6,trial3,cheek,1.8521,TRUE
pp604,913,bin_7,7,trial3,cheek,2.6301,TRUE
pp604,913,bin_8,8,trial3,cheek,6.2425,TRUE
pp604,913,bin_9,9,trial3,cheek,11.1855,TRUE
pp604,913,bin_10,10,trial3,cheek,7.5199,TRUE
pp605,285,bin_0,0,trial4,cheek,11.3019,TRUE
pp605,285,bin_1,1,trial4,cheek,7.4795,TRUE
pp605,285,bin_2,2,trial4,cheek,9.4529,TRUE
pp605,285,bin_3,3,trial4,cheek,5.8775,TRUE
pp605,285,bin_4,4,trial4,cheek,2.5258,TRUE
pp605,285,bin_5,5,trial4,cheek,3.0827,TRUE
pp605,285,bin_6,6,trial4,cheek,5.3188,TRUE
pp605,285,bin_7,7,trial4,cheek,12.9065,TRUE
pp605,285,bin_8,8,trial4,cheek,14.1695,TRUE
pp605,285,bin_9,9,trial4,cheek,12.0079,TRUE
pp605,285,bin_10,10,trial4,cheek,13.5531,TRUE
pp605,913,bin_0,0,trial1,brow,18.0885,TRUE
pp605,913,bin_1,1,trial1,brow,10.7438,TRUE
pp605,913,bin_2,2,trial1,brow,7.4409,TRUE
pp605,913,bin_3,3,trial1,brow,7.4593,TRUE
pp605,913,bin_4,4,trial1,brow,5.0374,TRUE
pp605,913,bin_5,5,trial1,brow,4.7049,TRUE
pp605,913,bin_6,6,trial1,brow,8.0661,TRUE
pp605,913,bin_7,7,trial1,brow,9.4739,TRUE
pp605,913,bin_8,8,trial1,brow,6.2264,TRUE
pp605,913,bin_9,9,trial1,brow,6.2788,TRUE
pp605,913,bin_10,10,trial1,brow,5.7266,TRUE
pp605,913,bin_0,0,trial5,cheek,20.4838,TRUE
pp605,913,bin_1,1,trial5,cheek,16.4729,TRUE
pp605,913,bin_2,2,trial5,cheek,11.0735,TRUE
pp605,913,bin_3,3,trial5,cheek,8.4994,TRUE
pp605,913,bin_4,4,trial5,cheek,9.0233,TRUE
pp605,913,bin_5,5,trial5,cheek,7.9576,TRUE
pp605,913,bin_6,6,trial5,cheek,4.8632,TRUE
pp605,913,bin_7,7,trial5,cheek,4.1928,TRUE
pp605,913,bin_8,8,trial5,cheek,5.0419,TRUE
pp605,913,bin_9,9,trial5,cheek,4.8037,TRUE
pp605,913,bin_10,10,trial5,cheek,4.753,TRUE
pp606,285,bin_0,0,trial5,cheek,8.6298,TRUE
pp606,285,bin_1,1,trial5,cheek,8.6011,TRUE
pp606,285,bin_2,2,trial5,cheek,7.4365,TRUE
pp606,285,bin_3,3,trial5,cheek,6.3651,TRUE
pp606,285,bin_4,4,trial5,cheek,7.7238,TRUE
pp606,285,bin_5,5,trial5,cheek,5.6082,TRUE
pp606,285,bin_6,6,trial5,cheek,6.772,TRUE
pp606,285,bin_7,7,trial5,cheek,7.4004,TRUE
pp606,285,bin_8,8,trial5,cheek,9.005,TRUE
pp606,285,bin_9,9,trial5,cheek,5.7278,TRUE
pp606,285,bin_10,10,trial5,cheek,5.9741,TRUE
pp606,913,bin_0,0,trial5,brow,33.3003,TRUE
pp606,913,bin_1,1,trial5,brow,30.744,TRUE
pp606,913,bin_2,2,trial5,brow,22.0116,TRUE
pp606,913,bin_3,3,trial5,brow,17.0247,TRUE
pp606,913,bin_4,4,trial5,brow,25.1678,TRUE
pp606,913,bin_5,5,trial5,brow,27.1343,TRUE
pp606,913,bin_6,6,trial5,brow,31.5369,TRUE
pp606,913,bin_7,7,trial5,brow,31.9438,TRUE
pp606,913,bin_8,8,trial5,brow,32.3745,TRUE
pp606,913,bin_9,9,trial5,brow,16.6908,TRUE
pp606,913,bin_10,10,trial5,brow,17.1232,TRUE
pp606,913,bin_0,0,trial2,cheek,9.8667,TRUE
pp606,913,bin_1,1,trial2,cheek,8.9987,TRUE
pp606,913,bin_2,2,trial2,cheek,9.994,TRUE
pp606,913,bin_3,3,trial2,cheek,9.6881,TRUE
pp606,913,bin_4,4,trial2,cheek,7.2523,TRUE
pp606,913,bin_5,5,trial2,cheek,7.3589,TRUE
pp606,913,bin_6,6,trial2,cheek,5.343,TRUE
pp606,913,bin_7,7,trial2,cheek,8.8886,TRUE
pp606,913,bin_8,8,trial2,cheek,10.3069,TRUE
pp606,913,bin_9,9,trial2,cheek,8.9981,TRUE
pp606,913,bin_10,10,trial2,cheek,8.7917,TRUE
pp607,285,bin_0,0,trial3,brow,22.786,TRUE
pp607,285,bin_1,1,trial3,brow,15.2777,TRUE
pp607,285,bin_2,2,trial3,brow,7.9975,TRUE
pp607,285,bin_3,3,trial3,brow,8.5008,TRUE
pp607,285,bin_4,4,trial3,brow,5.6341,TRUE
pp607,285,bin_5,5,trial3,brow,6.8397,TRUE
pp607,285,bin_6,6,trial3,brow,7.8345,TRUE
pp607,285,bin_7,7,trial3,brow,4.8816,TRUE
pp607,285,bin_8,8,trial3,brow,5.2431,TRUE
pp607,285,bin_9,9,trial3,brow,7.2423,TRUE
pp607,285,bin_10,10,trial3,brow,10.7489,TRUE
pp607,285,bin_0,0,trial3,cheek,34.5491,TRUE
pp607,285,bin_1,1,trial3,cheek,19.7577,TRUE
pp607,285,bin_2,2,trial3,cheek,12.4827,TRUE
pp607,285,bin_3,3,trial3,cheek,8.6669,TRUE
pp607,285,bin_4,4,trial3,cheek,6.4115,TRUE
pp607,285,bin_5,5,trial3,cheek,8.3911,TRUE
pp607,285,bin_6,6,trial3,cheek,5.9128,TRUE
pp607,285,bin_7,7,trial3,cheek,6.2301,TRUE
pp607,285,bin_8,8,trial3,cheek,9.8988,TRUE
pp607,285,bin_9,9,trial3,cheek,8.9245,TRUE
pp607,285,bin_10,10,trial3,cheek,16.239,TRUE
pp607,913,bin_0,0,trial7,brow,20.9666,TRUE
pp607,913,bin_1,1,trial7,brow,11.4041,TRUE
pp607,913,bin_2,2,trial7,brow,31.57,TRUE
pp607,913,bin_3,3,trial7,brow,37.1017,TRUE
pp607,913,bin_4,4,trial7,brow,46.9171,TRUE
pp607,913,bin_5,5,trial7,brow,130.4982,TRUE
pp607,913,bin_6,6,trial7,brow,81.0564,TRUE
pp607,913,bin_7,7,trial7,brow,11.3326,TRUE
pp607,913,bin_8,8,trial7,brow,11.8299,TRUE
pp607,913,bin_9,9,trial7,brow,4.9389,TRUE
pp607,913,bin_10,10,trial7,brow,5.7168,TRUE
pp607,913,bin_0,0,trial4,cheek,40.9166,TRUE
pp607,913,bin_1,1,trial4,cheek,3.1858,TRUE
pp607,913,bin_2,2,trial4,cheek,6.1917,TRUE
pp607,913,bin_3,3,trial4,cheek,5.1139,TRUE
pp607,913,bin_4,4,trial4,cheek,4.4209,TRUE
pp607,913,bin_5,5,trial4,cheek,7.4536,TRUE
pp607,913,bin_6,6,trial4,cheek,5.7262,TRUE
pp607,913,bin_7,7,trial4,cheek,6.1679,TRUE
pp607,913,bin_8,8,trial4,cheek,3.5712,TRUE
pp607,913,bin_9,9,trial4,cheek,4.4367,TRUE
pp607,913,bin_10,10,trial4,cheek,2.885,TRUE
pp608,285,bin_0,0,trial2,brow,12.559,TRUE
pp608,285,bin_1,1,trial2,brow,12.6343,TRUE
pp608,285,bin_2,2,trial2,brow,11.8628,TRUE
pp608,285,bin_3,3,trial2,brow,13.9064,TRUE
pp608,285,bin_4,4,trial2,brow,9.0383,TRUE
pp608,285,bin_5,5,trial2,brow,12.8741,TRUE
pp608,285,bin_6,6,trial2,brow,13.3946,TRUE
pp608,285,bin_7,7,trial2,brow,9.3465,TRUE
pp608,285,bin_8,8,trial2,brow,12.4414,TRUE
pp608,285,bin_9,9,trial2,brow,9.0556,TRUE
pp608,285,bin_10,10,trial2,brow,8.0126,TRUE
pp608,285,bin_0,0,trial5,cheek,11.881,TRUE
pp608,285,bin_1,1,trial5,cheek,10.4216,TRUE
pp608,285,bin_2,2,trial5,cheek,7.2702,TRUE
pp608,285,bin_3,3,trial5,cheek,11.6268,TRUE
pp608,285,bin_4,4,trial5,cheek,11.8112,TRUE
pp608,285,bin_5,5,trial5,cheek,6.2425,TRUE
pp608,285,bin_6,6,trial5,cheek,5.6972,TRUE
pp608,285,bin_7,7,trial5,cheek,4.2505,TRUE
pp608,285,bin_8,8,trial5,cheek,9.4963,TRUE
pp608,285,bin_9,9,trial5,cheek,9.3974,TRUE
pp608,285,bin_10,10,trial5,cheek,9.1353,TRUE
pp608,913,bin_0,0,trial6,brow,12.7563,TRUE
pp608,913,bin_1,1,trial6,brow,12.7569,TRUE
pp608,913,bin_2,2,trial6,brow,11.3774,TRUE
pp608,913,bin_3,3,trial6,brow,9.4709,TRUE
pp608,913,bin_4,4,trial6,brow,9.5519,TRUE
pp608,913,bin_5,5,trial6,brow,11.7052,TRUE
pp608,913,bin_6,6,trial6,brow,9.3274,TRUE
pp608,913,bin_7,7,trial6,brow,10.2995,TRUE
pp608,913,bin_8,8,trial6,brow,10.9806,TRUE
pp608,913,bin_9,9,trial6,brow,10.948,TRUE
pp608,913,bin_10,10,trial6,brow,11.1513,TRUE
pp608,913,bin_0,0,trial3,cheek,17.0461,TRUE
pp608,913,bin_1,1,trial3,cheek,22.7345,TRUE
pp608,913,bin_2,2,trial3,cheek,14.1399,TRUE
pp608,913,bin_3,3,trial3,cheek,10.0301,TRUE
pp608,913,bin_4,4,trial3,cheek,9.9253,TRUE
pp608,913,bin_5,5,trial3,cheek,9.4679,TRUE
pp608,913,bin_6,6,trial3,cheek,36.3152,TRUE
pp608,913,bin_7,7,trial3,cheek,43.8887,TRUE
pp608,913,bin_8,8,trial3,cheek,19.8449,TRUE
pp608,913,bin_9,9,trial3,cheek,19.2068,TRUE
pp608,913,bin_10,10,trial3,cheek,10.9121,TRUE
pp609,285,bin_0,0,trial7,brow,9.8867,TRUE
pp609,285,bin_1,1,trial7,brow,7.0798,TRUE
pp609,285,bin_2,2,trial7,brow,8.4482,TRUE
pp609,285,bin_3,3,trial7,brow,9.4816,TRUE
pp609,285,bin_4,4,trial7,brow,6.6673,TRUE
pp609,285,bin_5,5,trial7,brow,8.0287,TRUE
pp609,285,bin_6,6,trial7,brow,6.9874,TRUE
pp609,285,bin_7,7,trial7,brow,10.4019,TRUE
pp609,285,bin_8,8,trial7,brow,8.9212,TRUE
pp609,285,bin_9,9,trial7,brow,7.3219,TRUE
pp609,285,bin_10,10,trial7,brow,8.2697,TRUE
pp609,285,bin_0,0,trial8,cheek,8.3923,TRUE
pp609,285,bin_1,1,trial8,cheek,13.4269,TRUE
pp609,285,bin_2,2,trial8,cheek,12.3625,TRUE
pp609,285,bin_3,3,trial8,cheek,11.8371,TRUE
pp609,285,bin_4,4,trial8,cheek,5.0026,TRUE
pp609,285,bin_5,5,trial8,cheek,6.0352,TRUE
pp609,285,bin_6,6,trial8,cheek,7.0052,TRUE
pp609,285,bin_7,7,trial8,cheek,3.8983,TRUE
pp609,285,bin_8,8,trial8,cheek,3.37,TRUE
pp609,285,bin_9,9,trial8,cheek,4.5362,TRUE
pp609,285,bin_10,10,trial8,cheek,8.9787,TRUE
pp609,913,bin_0,0,trial2,brow,12.1692,TRUE
pp609,913,bin_1,1,trial2,brow,11.0685,TRUE
pp609,913,bin_2,2,trial2,brow,11.8694,TRUE
pp609,913,bin_3,3,trial2,brow,11.5389,TRUE
pp609,913,bin_4,4,trial2,brow,11.1652,TRUE
pp609,913,bin_5,5,trial2,brow,10.4947,TRUE
pp609,913,bin_6,6,trial2,brow,11.233,TRUE
pp609,913,bin_7,7,trial2,brow,10.3253,TRUE
pp609,913,bin_8,8,trial2,brow,12.2933,TRUE
pp609,913,bin_9,9,trial2,brow,10.6123,TRUE
pp609,913,bin_10,10,trial2,brow,8.6992,TRUE
pp609,913,bin_0,0,trial8,cheek,7.4566,TRUE
pp609,913,bin_1,1,trial8,cheek,5.4896,TRUE
pp609,913,bin_2,2,trial8,cheek,5.6068,TRUE
pp609,913,bin_3,3,trial8,cheek,3.6493,TRUE
pp609,913,bin_4,4,trial8,cheek,5.0815,TRUE
pp609,913,bin_5,5,trial8,cheek,4.1183,TRUE
pp609,913,bin_6,6,trial8,cheek,3.4454,TRUE
pp609,913,bin_7,7,trial8,cheek,3.154,TRUE
pp609,913,bin_8,8,trial8,cheek,5.0783,TRUE
pp609,913,bin_9,9,trial8,cheek,5.9286,TRUE
pp609,913,bin_10,10,trial8,cheek,4.2524,TRUE
pp610,285,bin_0,0,trial4,brow,8.8628,TRUE
pp610,285,bin_1,1,trial4,brow,11.8324,TRUE
pp610,285,bin_2,2,trial4,brow,4.0147,TRUE
pp610,285,bin_3,3,trial4,brow,3.5309,TRUE
pp610,285,bin_4,4,trial4,brow,2.9401,TRUE
pp610,285,bin_5,5,trial4,brow,3.2587,TRUE
pp610,285,bin_6,6,trial4,brow,2.9283,TRUE
pp610,285,bin_7,7,trial4,brow,3.3213,TRUE
pp610,285,bin_8,8,trial4,brow,2.5386,TRUE
pp610,285,bin_9,9,trial4,brow,2.6445,TRUE
pp610,285,bin_10,10,trial4,brow,2.689,TRUE
pp610,285,bin_0,0,trial5,cheek,14.4036,TRUE
pp610,285,bin_1,1,trial5,cheek,7.5272,TRUE
pp610,285,bin_2,2,trial5,cheek,3.127,TRUE
pp610,285,bin_3,3,trial5,cheek,4.8044,TRUE
pp610,285,bin_4,4,trial5,cheek,16.6278,TRUE
pp610,285,bin_5,5,trial5,cheek,13.1361,TRUE
pp610,285,bin_6,6,trial5,cheek,21.3546,TRUE
pp610,285,bin_7,7,trial5,cheek,16.6639,TRUE
pp610,285,bin_8,8,trial5,cheek,19.6995,TRUE
pp610,285,bin_9,9,trial5,cheek,13.672,TRUE
pp610,285,bin_10,10,trial5,cheek,11.2673,TRUE
pp610,913,bin_0,0,trial4,brow,5.6511,TRUE
pp610,913,bin_1,1,trial4,brow,5.0492,TRUE
pp610,913,bin_2,2,trial4,brow,5.8624,TRUE
pp610,913,bin_3,3,trial4,brow,4.1712,TRUE
pp610,913,bin_4,4,trial4,brow,3.9772,TRUE
pp610,913,bin_5,5,trial4,brow,4.2998,TRUE
pp610,913,bin_6,6,trial4,brow,4.7487,TRUE
pp610,913,bin_7,7,trial4,brow,4.1879,TRUE
pp610,913,bin_8,8,trial4,brow,5.4678,TRUE
pp610,913,bin_9,9,trial4,brow,5.1905,TRUE
pp610,913,bin_10,10,trial4,brow,5.4705,TRUE
pp610,913,bin_0,0,trial4,cheek,9.9633,TRUE
pp610,913,bin_1,1,trial4,cheek,9.3325,TRUE
pp610,913,bin_2,2,trial4,cheek,11.6383,TRUE
pp610,913,bin_3,3,trial4,cheek,7.8804,TRUE
pp610,913,bin_4,4,trial4,cheek,12.056,TRUE
pp610,913,bin_5,5,trial4,cheek,6.8914,TRUE
pp610,913,bin_6,6,trial4,cheek,8.3392,TRUE
pp610,913,bin_7,7,trial4,cheek,8.8346,TRUE
pp610,913,bin_8,8,trial4,cheek,10.2326,TRUE
pp610,913,bin_9,9,trial4,cheek,11.7664,TRUE
pp610,913,bin_10,10,trial4,cheek,8.9242,TRUE
